national_number,gen,english_name,japanese_name,primary_type,secondary_type,classification,percent_male,percent_female,height_m,weight_kg,capture_rate,base_egg_steps,hp,attack,defense,sp_attack,sp_defense,speed,abilities_0,abilities_1,abilities_2,abilities_hidden,against_normal,against_fire,against_water,against_electric,against_grass,against_ice,against_fighting,against_poison,against_ground,against_flying,against_psychict,against_bug,against_rock,against_ghost,against_dragon,against_dark,against_steel,against_fairy,is_sublegendary,is_legendary,is_mythical,evochain_0,evochain_1,evochain_2,evochain_3,evochain_4,evochain_5,evochain_6,gigantamax,mega_evolution,mega_evolution_alt,description
1,I,Bulbasaur,Fushigidane,grass,poison,Seed Pokémon,88.14,11.86,0.7,6.9,45,5120,45,49,49,65,65,45,Overgrow,,,Chlorophyll,1,2,0.5,0.5,0.25,2,0.5,1,1,2,2,1,1,1,1,1,1,0.5,0,0,0,Bulbasaur,Level ,Ivysaur,Level ,Venusaur,,,,,,There is a plant seed on its back right from the day this Pokémon is born. The seed slowly grows larger.
2,I,Ivysaur,Fushigisou,grass,poison,Seed Pokémon,88.14,11.86,1,13,45,5120,60,62,63,80,80,60,Overgrow,,,Chlorophyll,1,2,0.5,0.5,0.25,2,0.5,1,1,2,2,1,1,1,1,1,1,0.5,0,0,0,Bulbasaur,Level ,Ivysaur,Level ,Venusaur,,,,,,"When the bulb on its back grows large, it appears to lose the ability to stand on its hind legs."
3,I,Venusaur,Fushigibana,grass,poison,Seed Pokémon,88.14,11.86,2,100,45,5120,80,82,83,100,100,80,Overgrow,,,Chlorophyll,1,2,0.5,0.5,0.25,2,0.5,1,1,2,2,1,1,1,1,1,1,0.5,0,0,0,Bulbasaur,Level ,Ivysaur,Level ,Venusaur,,,Gigantamax Venusaur,Mega Venusaur,,Its plant blooms when it is absorbing solar energy. It stays on the move to seek sunlight.
4,I,Charmander,Hitokage,fire,,Lizard Pokémon,88.14,11.86,0.6,8.5,45,5120,39,52,43,60,50,65,Blaze,,,Solar Power,1,0.5,2,1,0.5,0.5,1,1,2,1,1,0.5,2,1,1,1,0.5,0.5,0,0,0,Charmander,Level ,Charmeleon,Level ,Charizard,,,,,,"It has a preference for hot things. When it rains, steam is said to spout from the tip of its tail."
5,I,Charmeleon,Lizardo,fire,,Flame Pokémon,88.14,11.86,1.1,19,45,5120,58,64,58,80,65,80,Blaze,,,Solar Power,1,0.5,2,1,0.5,0.5,1,1,2,1,1,0.5,2,1,1,1,0.5,0.5,0,0,0,Charmander,Level ,Charmeleon,Level ,Charizard,,,,,,"It has a barbaric nature. In battle, it whips its fiery tail around and slashes away with sharp claws."
6,I,Charizard,Lizardon,fire,flying,Flame Pokémon,88.14,11.86,1.7,90.5,45,5120,78,84,78,109,85,100,Blaze,,,Solar Power,1,0.5,2,2,0.25,1,0.5,1,0,1,1,0.25,4,1,1,1,0.5,0.5,0,0,0,Charmander,Level ,Charmeleon,Level ,Charizard,,,Gigantamax Charizard,Mega Charizard X,Mega Charizard Y,It spits fire that is hot enough to melt boulders. It may cause forest fires by blowing flames.
7,I,Squirtle,Zenigame,water,,Tiny Turtle Pokémon,88.14,11.86,0.5,9,45,5120,44,48,65,50,64,43,Torrent,,,Rain Dish,1,0.5,0.5,2,2,0.5,1,1,1,1,1,1,1,1,1,1,0.5,1,0,0,0,Squirtle,Level ,Wartortle,Level ,Blastoise,,,,,,"When it retracts its long neck into its shell, it squirts out water with vigorous force."
8,I,Wartortle,Kameil,water,,Turtle Pokémon,88.14,11.86,1,22.5,45,5120,59,63,80,65,80,58,Torrent,,,Rain Dish,1,0.5,0.5,2,2,0.5,1,1,1,1,1,1,1,1,1,1,0.5,1,0,0,0,Squirtle,Level ,Wartortle,Level ,Blastoise,,,,,,"It is recognized as a symbol of longevity. If its shell has algae on it, that Wartortle is very old."
9,I,Blastoise,Kamex,water,,Shellfish Pokémon,88.14,11.86,1.6,85.5,45,5120,79,83,100,85,105,78,Torrent,,,Rain Dish,1,0.5,0.5,2,2,0.5,1,1,1,1,1,1,1,1,1,1,0.5,1,0,0,0,Squirtle,Level ,Wartortle,Level ,Blastoise,,,Gigantamax Blastoise,Mega Blastoise,,"It crushes its foe under its heavy body to cause fainting. In a pinch, it will withdraw inside its shell."
10,I,Caterpie,Caterpie,bug,,Worm Pokémon,50.2,49.8,0.3,2.9,255,3840,45,30,35,20,20,45,Shield Dust,,,Run Away,1,2,1,1,0.5,1,0.5,1,0.5,2,1,1,2,1,1,1,1,1,0,0,0,Caterpie,Level ,Metapod,Level ,Butterfree,,,,,,"For protection, it releases a horrible stench from the antenna on its head to drive away enemies."
11,I,Metapod,Transel,bug,,Cocoon Pokémon,50.2,49.8,0.7,9.9,120,3840,50,20,55,25,25,30,Shed Skin,,,,1,2,1,1,0.5,1,0.5,1,0.5,2,1,1,2,1,1,1,1,1,0,0,0,Caterpie,Level ,Metapod,Level ,Butterfree,,,,,,"It is waiting for the moment to evolve. At this stage, it can only harden, so it remains motionless to avoid attack."
12,I,Butterfree,Butterfree,bug,flying,Butterfly Pokémon,50.2,49.8,1.1,32,45,3840,60,45,50,90,80,70,Compoundeyes,,,Tinted Lens,1,2,1,2,0.25,2,0.25,1,0,2,1,0.5,4,1,1,1,1,1,0,0,0,Caterpie,Level ,Metapod,Level ,Butterfree,,,Gigantamax Butterfree,,,"In battle, it flaps its wings at great speed to release highly toxic dust into the air."
13,I,Weedle,Beedle,bug,poison,Hairy Pokémon,50,50,0.3,3.2,255,3840,40,35,30,20,20,50,Shield Dust,,,Run Away,1,2,1,1,0.25,1,0.25,0.5,1,2,2,0.5,2,1,1,1,1,0.5,0,0,0,Weedle,Level ,Kakuna,Level ,Beedrill,,,,,,Beware of the sharp stinger on its head. It hides in grass and bushes where it eats leaves.
14,I,Kakuna,Cocoon,bug,poison,Cocoon Pokémon,50,50,0.6,10,120,3840,45,25,50,25,25,35,Shed Skin,,,,1,2,1,1,0.25,1,0.25,0.5,1,2,2,0.5,2,1,1,1,1,0.5,0,0,0,Weedle,Level ,Kakuna,Level ,Beedrill,,,,,,"Able to move only slightly. When endangered, it may stick out its stinger and poison its enemy."
15,I,Beedrill,Spear,bug,poison,Poison Bee Pokémon,50,50,1,29.5,45,3840,65,90,40,45,80,75,Swarm,,,Sniper,1,2,1,1,0.25,1,0.25,0.5,1,2,2,0.5,2,1,1,1,1,0.5,0,0,0,Weedle,Level ,Kakuna,Level ,Beedrill,,,,Mega Beedrill,,It has three poisonous stingers on its forelegs and its tail. They are used to jab its enemy repeatedly.
16,I,Pidgey,Poppo,normal,flying,Tiny Bird Pokémon,50,50,0.3,1.8,255,3840,40,45,40,35,35,56,Keen Eye,Tangled Feet,,Big Pecks,1,1,1,2,0.5,2,1,1,0,1,1,0.5,2,0,1,1,1,1,0,0,0,Pidgey,Level ,Pidgeotto,Level ,Pidgeot,,,,,,"Very docile. If attacked, it will often kick up sand to protect itself rather than fight back."
17,I,Pidgeotto,Pigeon,normal,flying,Bird Pokémon,50,50,1.1,30,120,3840,63,60,55,50,50,71,Keen Eye,Tangled Feet,,Big Pecks,1,1,1,2,0.5,2,1,1,0,1,1,0.5,2,0,1,1,1,1,0,0,0,Pidgey,Level ,Pidgeotto,Level ,Pidgeot,,,,,,This Pokémon is full of vitality. It constantly flies around its large territory in search of prey.
18,I,Pidgeot,Pigeot,normal,flying,Bird Pokémon,50,50,1.5,39.5,45,3840,83,80,75,70,70,101,Keen Eye,Tangled Feet,,Big Pecks,1,1,1,2,0.5,2,1,1,0,1,1,0.5,2,0,1,1,1,1,0,0,0,Pidgey,Level ,Pidgeotto,Level ,Pidgeot,,,,Mega Pidgeot,,"This Pokémon flies at Mach 2 speed, seeking prey. Its large talons are feared as wicked weapons."
19,I,Rattata,Koratta,normal,dark,Mouse Pokémon,50,50,0.3,3.5,255,3840,30,56,35,25,35,72,Run Away,Guts,,Hustle,1,1,1,1,1,1,2,1,1,1,1,1,1,0,1,1,1,1,0,0,0,Rattata,Level,Raticate,,,,,,,,"Will chew on anything with its fangs. If you see one, you can be certain that 40 more live in the area."
20,I,Raticate,Ratta,normal,dark,Mouse Pokémon,50,50,0.7,18.5,127,3840,55,81,60,50,70,97,Run Away,Guts,,Hustle,1,1,1,1,1,1,2,1,1,1,1,1,1,0,1,1,1,1,0,0,0,Rattata,Level,Raticate,,,,,,,,"Its hind feet are webbed. They act as flippers, so it can swim in rivers and hunt for prey."
21,I,Spearow,Onisuzume,normal,flying,Tiny Bird Pokémon,50,50,0.3,2,255,3840,40,60,30,31,31,70,Keen Eye,,,Sniper,1,1,1,2,0.5,2,1,1,0,1,1,0.5,2,0,1,1,1,1,0,0,0,Spearow,Level ,Fearow,,,,,,,,"Inept at flying high. However, it can fly around very fast to protect its territory."
22,I,Fearow,Onidrill,normal,flying,Beak Pokémon,50,50,1.2,38,90,3840,65,90,65,61,61,100,Keen Eye,,,Sniper,1,1,1,2,0.5,2,1,1,0,1,1,0.5,2,0,1,1,1,1,0,0,0,Spearow,Level ,Fearow,,,,,,,,"A Pokémon that dates back many years. If it senses danger, it flies high and away, instantly."
23,I,Ekans,Arbo,poison,,Snake Pokémon,50,50,2,6.9,255,5120,35,60,44,40,54,55,Intimidate,Shed Skin,,Unnerve,1,1,1,1,0.5,1,0.5,0.5,2,1,2,0.5,1,1,1,1,1,0.5,0,0,0,Ekans,Level ,Arbok,,,,,,,,"The older it gets, the longer it grows. At night, it wraps its long body around tree branches to rest."
24,I,Arbok,Arbok,poison,,Cobra Pokémon,50,50,3.5,65,90,5120,60,95,69,65,79,80,Intimidate,Shed Skin,,Unnerve,1,1,1,1,0.5,1,0.5,0.5,2,1,2,0.5,1,1,1,1,1,0.5,0,0,0,Ekans,Level ,Arbok,,,,,,,,The frightening patterns on its belly have been studied. Six variations have been confirmed.
25,I,Pikachu,Pikachu,electric,,Mouse Pokémon,50.2,49.8,0.4,6,190,2560,35,55,40,50,50,90,Static,,,Lightning Rod,1,1,1,0.5,1,1,1,1,2,0.5,1,1,1,1,1,1,0.5,1,0,0,0,Pichu,Level Up with Happiness Value at 220,Pikachu,Use Thunder Stone,Raichu,,,Gigantamax Pikachu,,,Pikachu that can generate powerful electricity have cheek sacs that are extra soft and super stretchy.
26,I,Raichu,Raichu,electric,electric,Mouse Pokémon,50.2,49.8,0.8,30,75,2560,60,90,55,90,80,110,Static,Surge Surfer (Alola Form),,Lightning Rod,1,1,1,0.5,1,1,1,1,2,0.5,1,1,1,1,1,1,0.5,1,0,0,0,Pichu,Level Up with Happiness Value at 220,Pikachu,Use Thunder Stone,Raichu,,,,,,Its long tail serves as a ground to protect itself from its own high-voltage power.
27,I,Sandshrew,Sand,ground,ice,Mouse Pokémon,50.2,49.8,0.6,12,255,5120,50,75,85,20,30,40,Sand Veil,,,Snow Cloak- Slush Rush,1,1,2,0,2,2,1,0.5,1,1,1,1,0.5,1,1,1,1,1,0,0,0,Sandshrew,Level,Sandslash,,,,,,,,"It loves to bathe in the grit of dry, sandy areas. By sand bathing, the Pokémon rids itself of dirt and moisture clinging to its body."
28,I,Sandslash,Sandpan,ground,ice,Mouse Pokémon,50.2,49.8,1,29.5,90,5120,75,100,110,45,55,65,Sand Veil,,,Snow Cloak- Slush Rush,1,1,2,0,2,2,1,0.5,1,1,1,1,0.5,1,1,1,1,1,0,0,0,Sandshrew,Level,Sandslash,,,,,,,,"The drier the area Sandslash lives in, the harder and smoother the Pokémon’s spikes will feel when touched."
29,I,Nidoran♀,Nidoran♀,poison,,Poison Pin Pokémon,0,100,0.4,7,235,5120,55,47,52,40,40,41,Poison Point,Rivalry,,Hustle,1,1,1,1,0.5,1,0.5,0.5,2,1,2,0.5,1,1,1,1,1,0.5,0,0,0,Egg,When Female,Nidoran♀,Level 16,Nidorina,Use Moonstone,Nidoqueen,,,,"Females are more sensitive to smells than males. While foraging, they’ll use their whiskers to check wind direction and stay downwind of predators."
30,I,Nidorina,Nidorina,poison,,Poison Pin Pokémon,0,100,0.8,20,120,5120,70,62,67,55,55,56,Poison Point,Rivalry,,Hustle,1,1,1,1,0.5,1,0.5,0.5,2,1,2,0.5,1,1,1,1,1,0.5,0,0,0,Egg,When Female,Nidoran♀,Level 16,Nidorina,Use Moonstone,Nidoqueen,,,,The horn on its head has atrophied. It’s thought that this happens so Nidorina’s children won’t get poked while their mother is feeding them.
31,I,Nidoqueen,Nidoqueen,poison,ground,Drill Pokémon,0,100,1.3,60,45,5120,90,92,87,75,85,76,Poison Point,Rivalry,,Sheer Force,1,1,2,0,1,2,0.5,0.25,2,1,2,0.5,0.5,1,1,1,1,0.5,0,0,0,Egg,When Female,Nidoran♀,Level 16,Nidorina,Use Moonstone,Nidoqueen,,,,"Nidoqueen is better at defense than offense. With scales like armor, this Pokémon will shield its children from any kind of attack."
32,I,Nidoran♂,Nidoran♂,poison,,Poison Pin Pokémon,100,0,0.5,9,235,5120,46,57,40,40,40,50,Poison Point,Rivalry,,Hustle,1,1,1,1,0.5,1,0.5,0.5,2,1,2,0.5,1,1,1,1,1,0.5,0,0,0,Egg,When Male,Nidoran♂,Level 16,Nidorino,Use Moonstone,Nidoking,,,,"The horn on a male Nidoran’s forehead contains a powerful poison. This is a very cautious Pokémon, always straining its large ears."
33,I,Nidorino,Nidorino,poison,,Poison Pin Pokémon,100,0,0.9,19.5,120,5120,61,72,57,55,55,65,Poison Point,Rivalry,,Hustle,1,1,1,1,0.5,1,0.5,0.5,2,1,2,0.5,1,1,1,1,1,0.5,0,0,0,Egg,When Male,Nidoran♂,Level 16,Nidorino,Use Moonstone,Nidoking,,,,"With a horn that’s harder than diamond, this Pokémon goes around shattering boulders as it searches for a moon stone."
34,I,Nidoking,Nidoking,poison,ground,Drill Pokémon,100,0,1.4,62,45,5120,81,102,77,85,75,85,Poison Point,Rivalry,,Sheer Force,1,1,2,0,1,2,0.5,0.25,2,1,2,0.5,0.5,1,1,1,1,0.5,0,0,0,Egg,When Male,Nidoran♂,Level 16,Nidorino,Use Moonstone,Nidoking,,,,"When it goes on a rampage, it’s impossible to control. But in the presence of a Nidoqueen it’s lived with for a long time, Nidoking calms down."
35,I,Clefairy,Pippi,fairy,,Fairy Pokémon,24.9,75.1,0.6,7.5,150,2560,70,45,48,60,65,35,Cute Charm,Magic Guard,,Friend Guard,1,1,1,1,1,1,0.5,2,1,1,1,0.5,1,1,0,0.5,2,1,0,0,0,Cleffa,Level Up with Happiness Value at 220,Clefairy,Use Moon Stone,Clefable,,,,,,It is said that happiness will come to those who see a gathering of Clefairy dancing under a full moon.
36,I,Clefable,Pixy,fairy,,Fairy Pokémon,24.9,75.1,1.3,40,25,2560,95,70,73,95,90,60,Cute Charm,Magic Guard,,Unaware,1,1,1,1,1,1,0.5,2,1,1,1,0.5,1,1,0,0.5,2,1,0,0,0,Cleffa,Level Up with Happiness Value at 220,Clefairy,Use Moon Stone,Clefable,,,,,,"A timid fairy Pokémon that is rarely seen, it will run and hide the moment it senses people."
37,I,Vulpix,Rokon,fire,ice,Fox Pokémon,24.9,75.1,0.6,9.9,190,5120,38,41,40,50,65,65,Flash Fire,,,Snow Cloak- Snow Warning,1,0.5,2,1,0.5,0.5,1,1,2,1,1,0.5,2,1,1,1,0.5,0.5,0,0,0,Vulpix,Use Fire Stone,Ninetales,,,,,,,,"While young, it has six gorgeous tails. When it grows, several new tails are sprouted."
38,I,Ninetales,Kyukon,fire,ice,Fox Pokémon,24.9,75.1,1.1,19.9,75,5120,73,76,75,81,100,100,Flash Fire,,,Snow Cloak- Snow Warning,1,0.5,2,1,0.5,0.5,1,1,2,1,1,0.5,2,1,1,1,0.5,0.5,0,0,0,Vulpix,Use Fire Stone,Ninetales,,,,,,,,"It is said to live 1,000 years, and each of its tails is loaded with supernatural powers."
39,I,Jigglypuff,Purin,normal,fairy,Balloon Pokémon,24.9,75.1,0.5,5.5,170,2560,115,45,20,45,25,20,Cute Charm,Competitive,,Friend Guard,1,1,1,1,1,1,1,2,1,1,1,0.5,1,0,0,0.5,2,1,0,0,0,Igglybuff,Level Up with Happiness Value at 220,Jigglypuff,Use Moon Stone,Wigglytuff,,,,,,"Jigglypuff has top-notch lung capacity, even by comparison to other Pokémon. It won’t stop singing its lullabies until its foes fall asleep."
40,I,Wigglytuff,Pukurin,normal,fairy,Balloon Pokémon,24.9,75.1,1,12,50,2560,140,70,45,85,50,45,Cute Charm,Competitive,,Frisk,1,1,1,1,1,1,1,2,1,1,1,0.5,1,0,0,0.5,2,1,0,0,0,Igglybuff,Level Up with Happiness Value at 220,Jigglypuff,Use Moon Stone,Wigglytuff,,,,,,"The more air it takes in, the more it inflates. If opponents catch it in a bad mood, it will inflate itself to an enormous size to intimidate them."
41,I,Zubat,Zubat,poison,flying,Bat Pokémon,50.2,49.8,0.8,7.5,255,3840,40,45,35,30,40,55,Inner Focus,,,Infiltrator,1,1,1,2,0.25,2,0.25,0.5,0,1,2,0.25,2,1,1,1,1,0.5,0,0,0,Zubat,Level ,Golbat,Level Up with Happiness Value at 220,Crobat,,,,,,"It emits ultrasonic waves from its mouth to check its surroundings. Even in tight caves, Zubat flies around with skill."
42,I,Golbat,Golbat,poison,flying,Bat Pokémon,50.2,49.8,1.6,55,90,3840,75,80,70,65,75,90,Inner Focus,,,Infiltrator,1,1,1,2,0.25,2,0.25,0.5,0,1,2,0.25,2,1,1,1,1,0.5,0,0,0,Zubat,Level ,Golbat,Level Up with Happiness Value at 220,Crobat,,,,,,"It loves to drink other creatures’ blood. It’s said that if it finds others of its kind going hungry, it sometimes shares the blood it’s gathered."
43,I,Oddish,Nazonokusa,grass,poison,Weed Pokémon,50.2,49.8,0.5,5.4,255,5120,45,50,55,75,65,30,Chlorophyll,,,Run Away,1,2,0.5,0.5,0.25,2,0.5,1,1,2,2,1,1,1,1,1,1,0.5,0,0,0,Oddish,Level,Gloom,Use Leaf Stone,Vileplume,Use Sun Stone,Bellossom,,,,"If exposed to moonlight, it starts to move. It roams far and wide at night to scatter its seeds."
44,I,Gloom,Kusaihana,grass,poison,Weed Pokémon,50.2,49.8,0.8,8.6,120,5120,60,65,70,85,75,40,Chlorophyll,,,Stench,1,2,0.5,0.5,0.25,2,0.5,1,1,2,2,1,1,1,1,1,1,0.5,0,0,0,Oddish,Level,Gloom,Use Leaf Stone,Vileplume,Use Sun Stone,Bellossom,,,,Its pistils exude an incredibly foul odor. The horrid stench can cause fainting at a distance of 1.25 miles.
45,I,Vileplume,Ruffresia,grass,poison,Flower Pokémon,50.2,49.8,1.2,18.6,45,5120,75,80,85,110,90,50,Chlorophyll,,,Effect Spore,1,2,0.5,0.5,0.25,2,0.5,1,1,2,2,1,1,1,1,1,1,0.5,0,0,0,Oddish,Level,Gloom,Use Leaf Stone,Vileplume,,,,,,"It has the world’s largest petals. With every step, the petals shake out heavy clouds of toxic pollen."
46,I,Paras,Paras,bug,grass,Mushroom Pokémon,50,50,0.3,5.4,190,5120,35,70,55,45,55,25,Effect Spore,Dry Skin,,Damp,1,4,0.5,0.5,0.25,2,0.5,2,0.25,4,1,2,2,1,1,1,1,1,0,0,0,Paras,Level ,Parasect,,,,,,,,Burrows under the ground to gnaw on tree roots. The mushrooms on its back absorb most of the nutrition.
47,I,Parasect,Parasect,bug,grass,Mushroom Pokémon,50,50,1,29.5,75,5120,60,95,80,60,80,30,Effect Spore,Dry Skin,,Damp,1,4,0.5,0.5,0.25,2,0.5,2,0.25,4,1,2,2,1,1,1,1,1,0,0,0,Paras,Level ,Parasect,,,,,,,,The bug host is drained of energy by the mushroom on its back. The mushroom appears to do all the thinking.
48,I,Venonat,Kongpang,bug,poison,Insect Pokémon,50,50,1,30,190,5120,60,55,50,40,55,45,Compound Eyes,Tinted Lens,,Run Away,1,2,1,1,0.25,1,0.25,0.5,1,2,2,0.5,2,1,1,1,1,0.5,0,0,0,Venonat,Level ,Venomoth,,,,,,,,"Its large eyes act as radar. In a bright place, you can see that they are clusters of many tiny eyes."
49,I,Venomoth,Morphon,bug,poison,Poison Moth Pokémon,50,50,1.5,12.5,75,5120,70,65,60,90,75,90,Shield Dust,Tinted Lens,,Wonder Skin,1,2,1,1,0.25,1,0.25,0.5,1,2,2,0.5,2,1,1,1,1,0.5,0,0,0,Venonat,Level ,Venomoth,,,,,,,,The powdery scales on its wings are hard to remove from skin. They also contain poison that leaks out on contact.
50,I,Diglett,Digda,ground,ground,Mole Pokémon,50.2,49.8,0.2,0.8,255,5120,10,55,25,35,45,95,Sand Veil,Arena Trap,,Sand Force,1,1,2,0,2,2,1,0.5,1,1,1,1,0.5,1,1,1,1,1,0,0,0,Diglett,Level,Dugtrio,,,,,,,,"If a Diglett digs through a field, it leaves the soil perfectly tilled and ideal for planting crops."
51,I,Dugtrio,Dugtrio,ground,ground,Mole Pokémon,50.2,49.8,0.7,33.3,50,5120,35,100,50,50,70,120,Sand Veil,Arena Trap,,Sand Force,1,1,2,0,2,2,1,0.5,1,1,1,1,0.5,1,1,1,1,1,0,0,0,Diglett,Level,Dugtrio,,,,,,,,A team of Diglett triplets. It triggers huge earthquakes by burrowing 60 miles underground.
52,I,Meowth,Nyarth,normal,dark,Scratch Cat Pokémon,50.2,49.8,0.4,4.2,255,5120,40,45,35,40,40,90,Pickup,Technician,,Unnerve,1,1,1,1,1,1,2,1,1,1,1,1,1,0,1,1,1,1,0,0,0,Meowth,Level,Persian,,,,,Gigantamax Meowth,,,"It loves to collect shiny things. If it’s in a good mood, it might even let its Trainer have a look at its hoard of treasures."
53,I,Persian,Persian,normal,dark,Classy Cat Pokémon,50.2,49.8,1,32,90,5120,65,70,60,65,65,115,Limber,Technician,,Unnerve,1,1,1,1,1,1,2,1,1,1,1,1,1,0,1,1,1,1,0,0,0,Meowth,Level,Persian,,,,,,,,"Getting this prideful Pokémon to warm up to you takes a lot of effort, and it will claw at you the moment it gets annoyed."
54,I,Psyduck,Koduck,water,,Duck Pokémon,50.2,49.8,0.8,19.6,190,5120,50,52,48,65,50,55,Damp,Cloud Nine,,Swift Swim,1,0.5,0.5,2,2,0.5,1,1,1,1,1,1,1,1,1,1,0.5,1,0,0,0,Psyduck,Level ,Golduck,,,,,,,,"Psyduck is constantly beset by headaches. If the Pokémon lets its strange power erupt, apparently the pain subsides for a while."
55,I,Golduck,Golduck,water,,Duck Pokémon,50.2,49.8,1.7,76.6,75,5120,80,82,78,95,80,85,Damp,Cloud Nine,,Swift Swim,1,0.5,0.5,2,2,0.5,1,1,1,1,1,1,1,1,1,1,0.5,1,0,0,0,Psyduck,Level ,Golduck,,,,,,,,"This Pokémon lives in gently flowing rivers. It paddles through the water with its long limbs, putting its graceful swimming skills on display."
56,I,Mankey,Mankey,fighting,,Pig Monkey Pokémon,50,50,0.5,28,190,5120,40,80,35,35,45,70,Vital Spirit,Anger Point,,Defiant,1,1,1,1,1,1,1,1,1,2,2,0.5,0.5,1,1,0.5,1,2,0,0,0,Mankey,Level ,Primeape,,,,,,,,An agile Pokémon that lives in trees. It angers easily and will not hesitate to attack anything.
57,I,Primeape,Okorizaru,fighting,,Pig Monkey Pokémon,50,50,1,32,75,5120,65,105,60,60,70,95,Vital Spirit,Anger Point,,Defiant,1,1,1,1,1,1,1,1,1,2,2,0.5,0.5,1,1,0.5,1,2,0,0,0,Mankey,Level ,Primeape,,,,,,,,It stops being angry only when nobody else is around. To view this moment is very difficult.
58,I,Growlithe,Gardie,fire,,Puppy Pokémon,75.49,24.51,0.7,19,190,5120,55,70,45,70,50,60,Intimidate,Flash Fire,,Justified,1,0.5,2,1,0.5,0.5,1,1,2,1,1,0.5,2,1,1,1,0.5,0.5,0,0,0,Growlithe,Use Fire Stone,Arcanine,,,,,,,,It has a brave and trustworthy nature. It fearlessly stands up to bigger and stronger foes.
59,I,Arcanine,Windie,fire,,Legendary Pokémon,75.49,24.51,1.9,155,75,5120,90,110,80,100,80,95,Intimidate,Flash Fire,,Justified,1,0.5,2,1,0.5,0.5,1,1,2,1,1,0.5,2,1,1,1,0.5,0.5,0,0,0,Growlithe,Use Fire Stone,Arcanine,,,,,,,,"The sight of it running over 6,200 miles in a single day and night has captivated many people."
60,I,Poliwag,Nyoromo,water,,Tadpole Pokémon,50.2,49.8,0.6,12.4,255,5120,40,50,40,40,40,90,Water Absorb,Damp,,Swift Swim,1,0.5,0.5,2,2,0.5,1,1,1,1,1,1,1,1,1,1,0.5,1,0,0,0,Poliwag,Level,Poliwhirl,Use Water Stone,Poliwrath,Trade with  King's Rock,Politoed,,,,"For Poliwag, swimming is easier than walking. The swirl pattern on its belly is actually part of the Pokémon’s innards showing through the skin."
61,I,Poliwhirl,Nyorozo,water,,Tadpole Pokémon,50.2,49.8,1,20,120,5120,65,65,65,50,50,90,Water Absorb,Damp,,Swift Swim,1,0.5,0.5,2,2,0.5,1,1,1,1,1,1,1,1,1,1,0.5,1,0,0,0,Poliwag,Level,Poliwhirl,Use Water Stone,Poliwrath,Trade with  King's Rock,Politoed,,,,Staring at the swirl on its belly causes drowsiness. This trait of Poliwhirl’s has been used in place of lullabies to get children to go to sleep.
62,I,Poliwrath,Nyorobon,water,fighting,Tadpole Pokémon,50.2,49.8,1.3,54,45,5120,90,95,95,70,90,70,Water Absorb,Damp,,Swift Swim,1,0.5,0.5,2,2,0.5,1,1,1,2,2,0.5,0.5,1,1,0.5,0.5,2,0,0,0,Poliwag,Level,Poliwhirl,Use Water Stone,Poliwrath,,,,,,"Its body is solid muscle. When swimming through cold seas, Poliwrath uses its impressive arms to smash through drift ice and plow forward."
63,I,Abra,Casey,psychic,,Psi Pokémon,75.49,24.51,0.9,19.5,200,5120,25,20,15,105,55,90,Synchronize,Inner Focus,,Magic Guard,1,1,1,1,1,1,0.5,1,1,1,0.5,2,1,2,1,2,1,1,0,0,0,Abra,Level ,Kadabra,Trade,Alakazam,,,,,,This Pokémon uses its psychic powers while it sleeps. The contents of Abra’s dreams affect the powers that the Pokémon wields.
64,I,Kadabra,Yungerer,psychic,,Psi Pokémon,75.49,24.51,1.3,56.5,100,5120,40,35,30,120,70,105,Synchronize,Inner Focus,,Magic Guard,1,1,1,1,1,1,0.5,1,1,1,0.5,2,1,2,1,2,1,1,0,0,0,Abra,Level ,Kadabra,Trade,Alakazam,,,,,,"Using its psychic power, Kadabra levitates as it sleeps. It uses its springy tail as a pillow."
65,I,Alakazam,Foodin,psychic,,Psi Pokémon,75.49,24.51,1.5,48,50,5120,55,50,45,135,95,120,Synchronize,Inner Focus,,Magic Guard,1,1,1,1,1,1,0.5,1,1,1,0.5,2,1,2,1,2,1,1,0,0,0,Abra,Level ,Kadabra,Trade,Alakazam,,,,Mega Alakazam,,"It has an incredibly high level of intelligence. Some say that Alakazam remembers everything that ever happens to it, from birth till death."
66,I,Machop,Wanriky,fighting,,Superpower Pokémon,75.49,24.51,0.8,19.5,180,5120,70,80,50,35,35,35,Guts,No Guard,,Steadfast,1,1,1,1,1,1,1,1,1,2,2,0.5,0.5,1,1,0.5,1,2,0,0,0,Machop,Level ,Machoke,Trade,Machamp,,,,,,"Its whole body is composed of muscles. Even though it’s the size of a human child, it can hurl 100 grown-ups."
67,I,Machoke,Goriky,fighting,,Superpower Pokémon,75.49,24.51,1.5,70.5,90,5120,80,100,70,50,60,45,Guts,No Guard,,Steadfast,1,1,1,1,1,1,1,1,1,2,2,0.5,0.5,1,1,0.5,1,2,0,0,0,Machop,Level ,Machoke,Trade,Machamp,,,,,,"Its muscular body is so powerful, it must wear a power-save belt to be able to regulate its motions."
68,I,Machamp,Kairiky,fighting,,Superpower Pokémon,75.49,24.51,1.6,130,45,5120,90,130,80,65,85,55,Guts,No Guard,,Steadfast,1,1,1,1,1,1,1,1,1,2,2,0.5,0.5,1,1,0.5,1,2,0,0,0,Machop,Level ,Machoke,Trade,Machamp,,,Gigantamax Machamp,,,It quickly swings its four arms to rock its opponents with ceaseless punches and chops from all angles.
69,I,Bellsprout,Madatsubomi,grass,poison,Flower Pokémon,50,50,0.7,4,255,5120,50,75,35,70,30,40,Chlorophyll,,,Gluttony,1,2,0.5,0.5,0.25,2,0.5,1,1,2,2,1,1,1,1,1,1,0.5,0,0,0,Bellsprout,Level ,Weepinbell,Use Leaf Stone,Victreebel,,,,,,Prefers hot and humid places. It ensnares tiny bugs with its vines and devours them.
70,I,Weepinbell,Utsudon,grass,poison,Flycatcher Pokémon,50,50,1,6.4,120,5120,65,90,50,85,45,55,Chlorophyll,,,Gluttony,1,2,0.5,0.5,0.25,2,0.5,1,1,2,2,1,1,1,1,1,1,0.5,0,0,0,Bellsprout,Level ,Weepinbell,Use Leaf Stone,Victreebel,,,,,,"When hungry, it swallows anything that moves. Its hapless prey is dissolved by strong acids."
71,I,Victreebel,Utsubot,grass,poison,Flycatcher Pokémon,50,50,1.7,15.5,45,5120,80,105,65,100,70,70,Chlorophyll,,,Gluttony,1,2,0.5,0.5,0.25,2,0.5,1,1,2,2,1,1,1,1,1,1,0.5,0,0,0,Bellsprout,Level ,Weepinbell,Use Leaf Stone,Victreebel,,,,,,"Lures prey with the sweet aroma of honey. Swallowed whole, the prey is dissolved in a day, bones and all."
72,I,Tentacool,Menokurage,water,poison,Jellyfish Pokémon,50.2,49.8,0.9,45.5,190,5120,40,40,35,50,100,70,Clear Body,Liquid Ooze,,Rain Dish,1,0.5,0.5,2,1,0.5,0.5,0.5,2,1,2,0.5,1,1,1,1,0.5,0.5,0,0,0,Tentacool,Level ,Tentacruel,,,,,,,,Tentacool is not a particularly strong swimmer. It drifts across the surface of shallow seas as it searches for prey.
73,I,Tentacruel,Dokukurage,water,poison,Jellyfish Pokémon,50.2,49.8,1.6,55,60,5120,80,70,65,80,120,100,Clear Body,Liquid Ooze,,Rain Dish,1,0.5,0.5,2,1,0.5,0.5,0.5,2,1,2,0.5,1,1,1,1,0.5,0.5,0,0,0,Tentacool,Level ,Tentacruel,,,,,,,,"When the red orbs on Tentacruel’s head glow brightly, watch out. The Pokémon is about to fire off a burst of ultrasonic waves."
74,I,Geodude,Isitsubute,rock,ground,Rock Pokémon,50,50,0.4,20,255,3840,40,80,100,30,30,20,Rock Head,Sturdy,,Sand Veil,0.5,0.5,4,0,4,2,2,0.25,2,0.5,1,1,0.5,1,1,1,2,1,0,0,0,Geodude,Level,Graveler,Trade,Golem,,,,,,"Commonly found near mountain trails and the like. If you step on one by accident, it gets angry."
75,I,Graveler,Golone,rock,ground,Rock Pokémon,50,50,1,105,120,3840,55,95,115,45,45,35,Rock Head,Sturdy,,Sand Veil,0.5,0.5,4,0,4,2,2,0.25,2,0.5,1,1,0.5,1,1,1,2,1,0,0,0,Geodude,Level,Graveler,Trade,Golem,,,,,,"Often seen rolling down mountain trails. Obstacles are just things to roll straight over, not avoid."
76,I,Golem,Golonya,rock,ground,Megaton Pokémon,50,50,1.4,300,45,3840,80,120,130,55,65,45,Rock Head,Sturdy,,Sand Veil,0.5,0.5,4,0,4,2,2,0.25,2,0.5,1,1,0.5,1,1,1,2,1,0,0,0,Geodude,Level,Graveler,Trade,Golem,,,,,,"Once it sheds its skin, its body turns tender and whitish. Its hide hardens when it’s exposed to air."
77,I,Ponyta,Ponyta,fire,psychic,Fire Horse Pokémon,50.2,49.8,1,30,190,5120,50,85,55,65,65,90,Run Away,Flash Fire,,Flame Body,1,0.5,2,1,0.5,0.5,1,1,2,1,1,0.5,2,1,1,1,0.5,0.5,0,0,0,Ponyta,Level,Rapidash,,,,,,,,"It can’t run properly when it’s newly born. As it races around with others of its kind, its legs grow stronger."
78,I,Rapidash,Gallop,fire,psychic,Fire Horse Pokémon,50.2,49.8,1.7,95,60,5120,65,100,70,80,80,105,Run Away,Flash Fire,,Flame Body,1,0.5,2,1,0.5,0.5,1,1,2,1,1,0.5,2,1,1,1,0.5,0.5,0,0,0,Ponyta,Level,Rapidash,,,,,,,,"This Pokémon can be seen galloping through fields at speeds of up to 150 mph, its fiery mane fluttering in the wind."
79,I,Slowpoke,Yadon,water,psychic,Dopey Pokémon,50.2,49.8,1.2,36,190,5120,90,65,65,40,40,15,Oblivious,Own Tempo,,Regenerator,1,0.5,0.5,2,2,0.5,0.5,1,1,1,0.5,2,1,2,1,2,0.5,1,0,0,0,Slowpoke,Level,Slowbro,Trade with  King's Rock,Slowking,Slowpoke,Use Galarica Cuff,,,,"Slow-witted and oblivious, this Pokémon won’t feel any pain if its tail gets eaten. It won’t notice when its tail grows back, either."
80,I,Slowbro,Yadoran,water,psychic,Hermit Crab Pokémon,50.2,49.8,1.6,78.5,75,5120,95,75,110,100,80,30,Oblivious,Own Tempo,,Regenerator,1,0.5,0.5,2,2,0.5,0.5,1,1,1,0.5,2,1,2,1,2,0.5,1,0,0,0,Slowpoke,Level,Slowbro,Trade with  King's Rock,Slowking,Slowpoke,Use Galarica Cuff,,Mega Slowbro,,Slowpoke became Slowbro when a Shellder bit on to its tail. Sweet flavors seeping from the tail make the Shellder feel as if its life is a dream.
81,I,Magnemite,Coil,electric,steel,Magnet Pokémon,,,0.3,6,190,5120,25,35,70,95,55,45,Magnet Pull,Sturdy,,Analytic,0.5,2,1,0.5,0.5,0.5,2,0,4,0.25,0.5,0.5,0.5,1,0.5,1,0.25,0.5,0,0,0,Magnemite,Level ,Magneton,Use Thunder Stone,Magnezone,,,,,,"At times, Magnemite runs out of electricity and ends up on the ground. If you give batteries to a grounded Magnemite, it’ll start moving again."
82,I,Magneton,Rarecoil,electric,steel,Magnet Pokémon,,,1,60,60,5120,50,60,95,120,70,70,Magnet Pull,Sturdy,,Analytic,0.5,2,1,0.5,0.5,0.5,2,0,4,0.25,0.5,0.5,0.5,1,0.5,1,0.25,0.5,0,0,0,Magnemite,Level ,Magneton,Use Thunder Stone,Magnezone,,,,,,This Pokémon is three Magnemite that have linked together. Magneton sends out powerful radio waves to study its surroundings.
83,I,Farfetch'd,Kamonegi,normal,flying,Wild Duck Pokémon,50.2,49.8,0.8,15,45,5120,52,90,55,58,62,60,Keen Eye,Inner Focus,,Defiant,1,1,1,2,0.5,2,1,1,0,1,1,0.5,2,0,1,1,1,1,0,0,0,Farfetch'd,Get 3 Critical Hits in one battle,Sirfetch'd,,,,,,,,"The stalk this Pokémon carries in its wings serves as a sword to cut down opponents. In a dire situation, the stalk can also serve as food."
84,I,Doduo,Dodo,normal,flying,Twin Bird Pokémon,50,50,1.4,39.2,190,5120,35,85,45,35,35,75,Run Away,Early Bird,,Tangled Feet,1,1,1,2,0.5,2,1,1,0,1,1,0.5,2,0,1,1,1,1,0,0,0,Doduo,Level ,Dodrio,,,,,,,,"Its short wings make flying difficult. Instead, this Pokémon runs at high speed on developed legs."
85,I,Dodrio,Dodorio,normal,flying,Triple Bird Pokémon,50,50,1.8,85.2,45,5120,60,110,70,60,60,110,Run Away,Early Bird,,Tangled Feet,1,1,1,2,0.5,2,1,1,0,1,1,0.5,2,0,1,1,1,1,0,0,0,Doduo,Level ,Dodrio,,,,,,,,One of Doduo’s two heads splits to form a unique species. It runs close to 40 mph in prairies.
86,I,Seel,Pawou,water,,Sea Lion Pokémon,50,50,1.1,90,190,5120,65,45,55,45,70,45,Thick Fat,Hydration,,Ice Body,1,0.5,0.5,2,2,0.5,1,1,1,1,1,1,1,1,1,1,0.5,1,0,0,0,Seel,Level ,Dewgong,,,,,,,,Loves freezing-cold conditions. Relishes swimming in a frigid climate of around 14 degrees Fahrenheit.
87,I,Dewgong,Jugon,water,ice,Sea Lion Pokémon,50,50,1.7,120,75,5120,90,70,80,70,95,70,Thick Fat,Hydration,,Ice Body,1,1,0.5,2,2,0.25,2,1,1,1,1,1,2,1,1,1,1,1,0,0,0,Seel,Level ,Dewgong,,,,,,,,"Its entire body is a snowy white. Unharmed by even intense cold, it swims powerfully in icy waters."
88,I,Grimer,Betbeter,poison,poison,Sludge Pokémon,50,50,0.9,30,190,5120,80,80,50,40,50,25,Stench,Sticky Hold,,Poison Touch,1,1,1,1,0.5,1,0.5,0.5,2,1,2,0.5,1,1,1,1,1,0.5,0,0,0,Grimer,Level,Muk,,,,,,,,Made of congealed sludge. It smells too putrid to touch. Even weeds won’t grow in its path.
89,I,Muk,Betbeton,poison,poison,Sludge Pokémon,50,50,1.2,30,75,5120,105,105,75,65,100,50,Stench,Sticky Hold,,Poison Touch,1,1,1,1,0.5,1,0.5,0.5,2,1,2,0.5,1,1,1,1,1,0.5,0,0,0,Grimer,Level,Muk,,,,,,,,"Smells so awful, it can cause fainting. Through degeneration of its nose, it lost its sense of smell."
90,I,Shellder,Shellder,water,,Bivalve Pokémon,50.2,49.8,0.3,4,190,5120,30,65,100,45,25,40,Shell Armor,Skill Link,,Overcoat,1,0.5,0.5,2,2,0.5,1,1,1,1,1,1,1,1,1,1,0.5,1,0,0,0,Shellder,Use Water Stone,Cloyster,,,,,,,,It swims facing backward by opening and closing its two-piece shell. It is surprisingly fast.
91,I,Cloyster,Parshen,water,ice,Bivalve Pokémon,50.2,49.8,1.5,132.5,60,5120,50,95,180,85,45,70,Shell Armor,Skill Link,,Overcoat,1,1,0.5,2,2,0.25,2,1,1,1,1,1,2,1,1,1,1,1,0,0,0,Shellder,Use Water Stone,Cloyster,,,,,,,,"Its shell is extremely hard. It cannot be shattered, even with a bomb. The shell opens only when it is attacking."
92,I,Gastly,Ghos,ghost,poison,Gas Pokémon,50.2,49.8,1.3,0.1,190,5120,30,35,30,100,35,80,Levitate,,,,0,1,1,1,0.5,1,0,0.25,2,1,2,0.25,1,2,1,2,1,0.5,0,0,0,Gastly,Level ,Haunter,Trade,Gengar,,,,,,"Born from gases, anyone would faint if engulfed by its gaseous body, which contains poison."
93,I,Haunter,Ghost,ghost,poison,Gas Pokémon,50.2,49.8,1.6,0.1,90,5120,45,50,45,115,55,95,Levitate,,,,0,1,1,1,0.5,1,0,0.25,2,1,2,0.25,1,2,1,2,1,0.5,0,0,0,Gastly,Level ,Haunter,Trade,Gengar,,,,,,"Its tongue is made of gas. If licked, its victim starts shaking constantly until death eventually comes."
94,I,Gengar,Gangar,ghost,poison,Shadow Pokémon,50.2,49.8,1.5,40.5,45,5120,60,65,60,130,75,110,Cursed Body,,,,0,1,1,1,0.5,1,0,0.25,2,1,2,0.25,1,2,1,2,1,0.5,0,0,0,Gastly,Level ,Haunter,Trade,Gengar,,,Gigantamax Gengar,Mega Gengar,,"On the night of a full moon, if shadows move on their own and laugh, it must be Gengar’s doing."
95,I,Onix,Iwark,rock,ground,Rock Snake Pokémon,50.2,49.8,8.8,210,45,6400,35,45,160,30,45,70,Rock Head,Sturdy,,Weak Armor,0.5,0.5,4,0,4,2,2,0.25,2,0.5,1,1,0.5,1,1,1,2,1,0,0,0,Onix,Trade with  Metal Coat,Steelix,,,,,,,,"As it digs through the ground, it absorbs many hard objects. This is what makes its body so solid."
96,I,Drowzee,Sleepe,psychic,,Hypnosis Pokémon,50,50,1,32.4,190,5120,60,48,45,43,90,42,Insomnia,Forewarn,,Inner Focus,1,1,1,1,1,1,0.5,1,1,1,0.5,2,1,2,1,2,1,1,0,0,0,Drowzee,Level ,Hypno,,,,,,,,"If you sleep by it all the time, it will sometimes show you dreams it had eaten in the past."
97,I,Hypno,Sleeper,psychic,,Hypnosis Pokémon,50,50,1.6,75.6,75,5120,85,73,70,73,115,67,Insomnia,Forewarn,,Inner Focus,1,1,1,1,1,1,0.5,1,1,1,0.5,2,1,2,1,2,1,1,0,0,0,Drowzee,Level ,Hypno,,,,,,,,Avoid eye contact if you come across one. It will try to put you to sleep by using its pendulum.
98,I,Krabby,Crab,water,,River Crab Pokémon,50.2,49.8,0.4,6.5,225,5120,30,105,90,25,25,50,Hyper Cutter,Shell Armor,,Sheer Force,1,0.5,0.5,2,2,0.5,1,1,1,1,1,1,1,1,1,1,0.5,1,0,0,0,Krabby,Level ,Kingler,,,,,,,,It can be found near the sea. The large pincers grow back if they are torn out of their sockets.
99,I,Kingler,Kingler,water,,Pincer Pokémon,50.2,49.8,1.3,60,60,5120,55,130,115,50,50,75,Hyper Cutter,Shell Armor,,Sheer Force,1,0.5,0.5,2,2,0.5,1,1,1,1,1,1,1,1,1,1,0.5,1,0,0,0,Krabby,Level ,Kingler,,,,,Gigantamax Kingler,,,"Its large and hard pincer has 10,000-horsepower strength. However, being so big, it is unwieldy to move."
100,I,Voltorb,Biriridama,electric,,Ball Pokémon,,,0.5,10.4,190,5120,40,30,50,55,55,100,Soundproof,Static,,Aftermath,1,1,1,0.5,1,1,1,1,2,0.5,1,1,1,1,1,1,0.5,1,0,0,0,Voltorb,Level ,Electrode,,,,,,,,It is said to camouflage itself as a Poké Ball. It will self-destruct with very little stimulus.
101,I,Electrode,Marumine,electric,,Ball Pokémon,,,1.2,66.6,60,5120,60,50,70,80,80,150,Soundproof,Static,,Aftermath,1,1,1,0.5,1,1,1,1,2,0.5,1,1,1,1,1,1,0.5,1,0,0,0,Voltorb,Level ,Electrode,,,,,,,,Stores electrical energy inside its body. Even the slightest shock could trigger a huge explosion.
102,I,Exeggcute,Tamatama,grass,psychic,Egg Pokémon,50.2,49.8,0.4,2.5,90,5120,60,40,80,60,45,40,Chlorophyll,,,Harvest,1,2,0.5,0.5,0.5,2,0.5,2,0.5,2,0.5,4,1,2,1,2,1,1,0,0,0,Exeggcute,Use Leaf Stone,Exeggutor,,,,,,,,"Though it may look like it’s just a bunch of eggs, it’s a proper Pokémon. Exeggcute communicates with others of its kind via telepathy, apparently."
103,I,Exeggutor,Nassy,grass,psychic,Coconut Pokémon,50.2,49.8,2,120,45,5120,95,95,85,125,75,55,Chlorophyll,,,Frisk- Harvest,1,2,0.5,0.5,0.5,2,0.5,2,0.5,2,0.5,4,1,2,1,2,1,1,0,0,0,Exeggcute,Use Leaf Stone,Exeggutor,,,,,,,,Each of Exeggutor’s three heads is thinking different thoughts. The three don’t seem to be very interested in one another.
104,I,Cubone,Karakara,ground,,Lonely Pokémon,50.2,49.8,0.4,6.5,190,5120,50,50,95,40,50,35,Rock Head,Lightning Rod,,Battle Armor,1,1,2,0,2,2,1,0.5,1,1,1,1,0.5,1,1,1,1,1,0,0,0,Cubone,Level,Marowak,,,,,,,,"When the memory of its departed mother brings it to tears, its cries echo mournfully within the skull it wears on its head."
105,I,Marowak,Garagara,ground,fire,Bone Keeper Pokémon,50.2,49.8,1,45,75,5120,60,80,110,50,80,45,Rock Head,Lightning Rod,,Battle Armor,1,1,2,0,2,2,1,0.5,1,1,1,1,0.5,1,1,1,1,1,0,0,0,Cubone,Level,Marowak,,,,,,,,"This Pokémon overcame its sorrow to evolve a sturdy new body. Marowak faces its opponents bravely, using a bone as a weapon."
106,I,Hitmonlee,Sawamular,fighting,,Kicking Pokémon,100,0,1.5,49.8,45,6400,50,120,53,35,110,87,Limber,Reckless,,Unburden,1,1,1,1,1,1,1,1,1,2,2,0.5,0.5,1,1,0.5,1,2,0,0,0,Tyrogue,Attack > Defence at Level 20,Hitmonlee,,,,,,,,This amazing Pokémon has an awesome sense of balance. It can kick in succession from any position.
107,I,Hitmonchan,Ebiwalar,fighting,,Punching Pokémon,100,0,1.4,50.2,45,6400,50,105,79,35,110,76,Keen Eye,Iron Fist,,Inner Focus,1,1,1,1,1,1,1,1,1,2,2,0.5,0.5,1,1,0.5,1,2,0,0,0,Tyrogue,Attack < Defence at Level 20,Hitmonchan,,,,,,,,"Its punches slice the air. They are launched at such high speed, even a slight graze could cause a burn."
108,I,Lickitung,Beroringa,normal,,Licking Pokémon,50.2,49.8,1.2,65.5,45,5120,90,55,75,60,75,30,Own Tempo,Oblivious,,Cloud Nine,1,1,1,1,1,1,2,1,1,1,1,1,1,0,1,1,1,1,0,0,0,Lickitung,Level up while knowing  Rollout,Lickilicky,,,,,,,,"If this Pokémon’s sticky saliva gets on you and you don’t clean it off, an intense itch will set in. The itch won’t go away, either."
109,I,Koffing,Dogars,poison,,Poison Gas Pokémon,50.2,49.8,0.6,1,190,5120,40,65,95,60,45,35,Levitate,Neutralizing Gas,,Stench,1,1,1,1,0.5,1,0.5,0.5,2,1,2,0.5,1,1,1,1,1,0.5,0,0,0,Koffing,Level,Weezing,,,,,,,,"Its body is full of poisonous gas. It floats into garbage dumps, seeking out the fumes of raw, rotting trash."
110,I,Weezing,Matadogas,poison,poison,Poison Gas Pokémon,50.2,49.8,1.2,9.5,60,5120,65,90,120,85,70,60,Levitate,Neutralizing Gas,,Stench,1,1,1,1,0.5,1,0.5,0.5,2,1,2,0.5,1,1,1,1,1,0.5,0,0,0,Koffing,Level,Weezing,,,,,,,,It mixes gases between its two bodies. It’s said that these Pokémon were seen all over the Galar region back in the day.
111,I,Rhyhorn,Sihorn,ground,rock,Spikes Pokémon,50.2,49.8,1,115,120,5120,80,85,95,30,30,25,Lightning Rod,Rock Head,,Reckless,0.5,0.5,4,0,4,2,2,0.25,2,0.5,1,1,0.5,1,1,1,2,1,0,0,0,Rhyhorn,Level ,Rhydon,Trade with  Protector,Rhyperior,,,,,,"Strong, but not too bright, this Pokémon can shatter even a skyscraper with its charging tackles."
112,I,Rhydon,Sidon,ground,rock,Drill Pokémon,50.2,49.8,1.9,120,60,5120,105,130,120,45,45,40,Lightning Rod,Rock Head,,Reckless,0.5,0.5,4,0,4,2,2,0.25,2,0.5,1,1,0.5,1,1,1,2,1,0,0,0,Rhyhorn,Level ,Rhydon,Trade with  Protector,Rhyperior,,,,,,It begins walking on its hind legs after evolution. It can punch holes through boulders with its horn.
113,I,Chansey,Lucky,normal,,Egg Pokémon,0,100,1.1,34.6,30,10240,250,5,5,35,105,50,Natural Cure,Serene Grace,,Healer,1,1,1,1,1,1,2,1,1,1,1,1,1,0,1,1,1,1,0,0,0,Happiny,Level up during day while holding Oval Stone,Chansey,Level Up with Happiness Value at 220,Blissey,,,,,,The egg Chansey carries is not only delicious but also packed with nutrition. It’s used as a high-class cooking ingredient.
114,I,Tangela,Monjara,grass,,Vine Pokémon,50.2,49.8,1,35,45,5120,65,55,115,100,40,60,Chlorophyll,Leaf Guard,,Regenerator,1,2,0.5,0.5,0.5,2,1,2,0.5,2,1,2,1,1,1,1,1,1,0,0,0,Tangela,Level up while knowing  Ancient Power,Tangrowth,,,,,,,,"Hidden beneath a tangle of vines that grows nonstop even if the vines are torn off, this Pokémon’s true appearance remains a mystery."
115,I,Kangaskhan,Garura,normal,,Parent Pokémon,0,100,2.2,80,45,5120,105,95,80,40,80,90,Early Bird,Scrappy,,Inner Focus,1,1,1,1,1,1,2,1,1,1,1,1,1,0,1,1,1,1,0,0,0,Kangaskhan,,,,,,,,Mega Kangaskhan,,"Although it’s carrying its baby in a pouch on its belly, Kangaskhan is swift on its feet. It intimidates its opponents with quick jabs."
116,I,Horsea,Tattu,water,,Dragon Pokémon,50.2,49.8,0.4,8,225,5120,30,40,70,70,25,60,Swift Swim,Sniper,,Damp,1,0.5,0.5,2,2,0.5,1,1,1,1,1,1,1,1,1,1,0.5,1,0,0,0,Horsea,Level ,Seadra,Trade with  Dragon Scale,Kingdra,,,,,,"Horsea makes its home in oceans with gentle currents. If this Pokémon is under attack, it spits out pitch-black ink and escapes."
117,I,Seadra,Seadra,water,,Dragon Pokémon,50.2,49.8,1.2,25,75,5120,55,65,95,95,45,85,Poison Point,Sniper,,Damp,1,0.5,0.5,2,2,0.5,1,1,1,1,1,1,1,1,1,1,0.5,1,0,0,0,Horsea,Level ,Seadra,Trade with  Dragon Scale,Kingdra,,,,,,"It’s the males that raise the offspring. While Seadra are raising young, the spines on their backs secrete thicker and stronger poison."
118,I,Goldeen,Tosakinto,water,,Goldfish Pokémon,50.2,49.8,0.6,15,225,5120,45,67,60,35,50,63,Swift Swim,Water Veil,,Lightning Rod,1,0.5,0.5,2,2,0.5,1,1,1,1,1,1,1,1,1,1,0.5,1,0,0,0,Goldeen,Level ,Seaking,,,,,,,,"Its dorsal, pectoral, and tail fins wave elegantly in water. That is why it is known as the Water Dancer."
119,I,Seaking,Azumao,water,,Goldfish Pokémon,50.2,49.8,1.3,39,60,5120,80,92,65,65,80,68,Swift Swim,Water Veil,,Lightning Rod,1,0.5,0.5,2,2,0.5,1,1,1,1,1,1,1,1,1,1,0.5,1,0,0,0,Goldeen,Level ,Seaking,,,,,,,,"In autumn, its body becomes more fatty in preparing to propose to a mate. It takes on beautiful colors."
120,I,Staryu,Hitodeman,water,,Starshape Pokémon,,,0.8,34.5,225,5120,30,45,55,70,55,85,Illuminate,Natural Cure,,Analytic,1,0.5,0.5,2,2,0.5,1,1,1,1,1,1,1,1,1,1,0.5,1,0,0,0,Staryu,Use Water Stone,Starmie,,,,,,,,"If you visit a beach at the end of summer, you’ll be able to see groups of Staryu lighting up in a steady rhythm."
121,I,Starmie,Starmie,water,psychic,Mysterious Pokémon,,,1.1,80,60,5120,60,75,85,100,85,115,Illuminate,Natural Cure,,Analytic,1,0.5,0.5,2,2,0.5,0.5,1,1,1,0.5,2,1,2,1,2,0.5,1,0,0,0,Staryu,Use Water Stone,Starmie,,,,,,,,This Pokémon has an organ known as its core. The organ glows in seven colors when Starmie is unleashing its potent psychic powers.
122,I,Mr. Mime,Barrierd,psychic,fairy,Barrier Pokémon,50.2,49.8,1.3,54.5,45,6400,40,45,65,100,120,90,Soundproof,Filter,,Technician,1,1,1,1,1,1,0.25,2,1,1,0.5,1,1,2,0,1,2,1,0,0,0,Mimejr.,Level up while knowing  Mimic,Mr.mime,,,,,,,,The broadness of its hands may be no coincidence—many scientists believe its palms became enlarged specifically for pantomiming.
123,I,Scyther,Strike,bug,flying,Mantis Pokémon,50.2,49.8,1.5,56,45,6400,70,110,80,55,80,105,Swarm,Technician,,Steadfast,1,2,1,2,0.25,2,0.25,1,0,2,1,0.5,4,1,1,1,1,1,0,0,0,Scyther,Trade with  Metal Coat,Scizor,,,,,,,,"As Scyther fights more and more battles, its scythes become sharper and sharper. With a single slice, Scyther can fell a massive tree."
124,I,Jynx,Rougela,ice,psychic,Humanshape Pokémon,0,100,1.4,40.6,45,6400,65,50,35,115,95,95,Oblivious,Forewarn,,Dry Skin,1,2,1,1,1,0.5,1,1,1,1,0.5,2,2,2,1,2,2,1,0,0,0,Smoochum,Level ,Jynx,,,,,,,,"In certain parts of Galar, Jynx was once feared and worshiped as the Queen of Ice."
125,I,Electabuzz,Eleboo,electric,,Electric Pokémon,75.49,24.51,1.1,30,45,6400,65,83,57,95,85,105,Static,,,Vital Spirit,1,1,1,0.5,1,1,1,1,2,0.5,1,1,1,1,1,1,0.5,1,0,0,0,Elekid,Level ,Electabuzz,Trade with  Electirizer,Electivire,,,,,,Many power plants keep Ground-type Pokémon around as a defense against Electabuzz that come seeking electricity.
126,I,Magmar,Boober,fire,,Spitfire Pokémon,75.49,24.51,1.3,44.5,45,6400,65,95,57,100,85,93,Flame Body,,,Vital Spirit,1,0.5,2,1,0.5,0.5,1,1,2,1,1,0.5,2,1,1,1,0.5,0.5,0,0,0,Magby,Level ,Magmar,Trade with  Magmarizer,Magmortar,,,,,,Magmar dispatches its prey with fire. But it regrets this habit once it realizes that it has burned its intended prey to a charred crisp.
127,I,Pinsir,Kailios,bug,,Stagbeetle Pokémon,50.2,49.8,1.5,55,45,6400,65,125,100,55,70,85,Hyper Cutter,Mold Breaker,,Moxie,1,2,1,1,0.5,1,0.5,1,0.5,2,1,1,2,1,1,1,1,1,0,0,0,Pinsir,,,,,,,,Mega Pinsir,,"These Pokémon judge one another based on pincers. Thicker, more impressive pincers make for more popularity with the opposite gender."
128,I,Tauros,Kentauros,normal,,Wild Bull Pokémon,100,0,1.4,88.4,45,5120,75,100,95,40,70,110,Intimidate,Anger Point,,Sheer Force,1,1,1,1,1,1,2,1,1,1,1,1,1,0,1,1,1,1,0,0,0,Tauros,,,,,,,,,,"When Tauros begins whipping itself with its tails, it’s a warning that the Pokémon is about to charge with astounding speed."
129,I,Magikarp,Koiking,water,,Fish Pokémon,50.2,49.8,0.9,10,255,1280,20,10,55,15,20,80,Swift Swim,,,Rattled,1,0.5,0.5,2,2,0.5,1,1,1,1,1,1,1,1,1,1,0.5,1,0,0,0,Magikarp,Level ,Gyarados,,,,,,,,It is virtually worthless in terms of both power and speed. It is the most weak and pathetic Pokémon in the world.
130,I,Gyarados,Gyarados,water,flying,Atrocious Pokémon,50.2,49.8,6.5,235,45,1280,95,125,79,60,100,81,Intimidate,,,Moxie,1,0.5,0.5,4,1,1,0.5,1,0,1,1,0.5,2,1,1,1,0.5,1,0,0,0,Magikarp,Level ,Gyarados,,,,,,Mega Gyarados,,It has an extremely aggressive nature. The Hyper Beam it shoots from its mouth totally incinerates all targets.
131,I,Lapras,Laplace,water,ice,Transport Pokémon,50.2,49.8,2.5,220,45,10240,130,85,80,85,95,60,Water Absorb,Shell Armor,,Hydration,1,1,0.5,2,2,0.25,2,1,1,1,1,1,2,1,1,1,1,1,0,0,0,Lapras,,,,,,,Gigantamax Lapras,,,"A smart and kindhearted Pokémon, it glides across the surface of the sea while its beautiful song echoes around it."
132,I,Ditto,Metamon,normal,,Transform Pokémon,,,0.3,4,35,5120,48,48,48,48,48,48,Limber,,,Imposter,1,1,1,1,1,1,2,1,1,1,1,1,1,0,1,1,1,1,0,0,0,Ditto,,,,,,,,,,"It can reconstitute its entire cellular structure to change into what it sees, but it returns to normal when it relaxes."
133,I,Eevee,Eievui,normal,,Evolution Pokémon,88.14,11.86,0.3,6.5,45,8960,55,55,50,45,65,55,Run Away,Adaptability,,Anticipation,1,1,1,1,1,1,2,1,1,1,1,1,1,0,1,1,1,1,0,0,0,Eevee,,,,,,,Gigantamax Eevee,,,It has the ability to alter the composition of its body to suit its surrounding environment.
134,I,Vaporeon,Showers,water,,Bubble Jet Pokémon,88.14,11.86,1,29,45,8960,130,65,60,110,95,65,Water Absorb,,,Hydration,1,0.5,0.5,2,2,0.5,1,1,1,1,1,1,1,1,1,1,0.5,1,0,0,0,Eevee,,,,,,,,,,"When Vaporeon’s fins begin to vibrate, it is a sign that rain will come within a few hours."
135,I,Jolteon,Thunders,electric,,Lightning Pokémon,88.14,11.86,0.8,24.5,45,8960,65,65,60,110,95,130,Volt Absorb,,,Quick Feet,1,1,1,0.5,1,1,1,1,2,0.5,1,1,1,1,1,1,0.5,1,0,0,0,Eevee,,,,,,,,,,"If it is angered or startled, the fur all over its body bristles like sharp needles that pierce foes."
136,I,Flareon,Booster,fire,,Flame Pokémon,88.14,11.86,0.9,25,45,8960,65,130,60,95,110,65,Flash Fire,,,Guts,1,0.5,2,1,0.5,0.5,1,1,2,1,1,0.5,2,1,1,1,0.5,0.5,0,0,0,Eevee,,,,,,,,,,"Once it has stored up enough heat, this Pokémon’s body temperature can reach up to 1,700 degrees Fahrenheit."
137,I,Porygon,Porygon,normal,,Virtual Pokémon,,,0.8,36.5,45,5120,65,60,70,85,75,40,Trace,Download,,Analytic,1,1,1,1,1,1,2,1,1,1,1,1,1,0,1,1,1,1,0,0,0,Porygon,Trade with  Upgrade,Porygon2,Trade with  Dubious Disc,Porygon-Z,,,,,,State-of-the-art technology was used to create Porygon. It was the first artificial Pokémon to be created via computer programming.
138,I,Omanyte,Omnite,rock,water,Spiral Pokémon,88.14,11.86,0.4,7.5,45,7680,35,40,100,90,55,35,Swift Swim,Shell Armor,,Weak Armor,0.5,0.25,1,2,4,0.5,2,0.5,2,0.5,1,1,1,1,1,1,1,1,0,0,0,Omanyte,Level ,Omastar,,,,,,,,"Because some Omanyte manage to escape after being restored or are released into the wild by people, this species is becoming a problem."
139,I,Omastar,Omstar,rock,water,Spiral Pokémon,88.14,11.86,1,35,45,7680,70,60,125,115,70,55,Swift Swim,Shell Armor,,Weak Armor,0.5,0.25,1,2,4,0.5,2,0.5,2,0.5,1,1,1,1,1,1,1,1,0,0,0,Omanyte,Level ,Omastar,,,,,,,,"Weighed down by a large and heavy shell, Omastar couldn’t move very fast. Some say it went extinct because it was unable to catch food."
140,I,Kabuto,Kabuto,rock,water,Shellfish Pokémon,88.14,11.86,0.5,11.5,45,7680,30,80,90,55,45,55,Swift Swim,Battle Armor,,Weak Armor,0.5,0.25,1,2,4,0.5,2,0.5,2,0.5,1,1,1,1,1,1,1,1,0,0,0,Kabuto,Level ,Kabutops,,,,,,,,"This species is almost entirely extinct. Kabuto molt every three days, making their shells harder and harder."
141,I,Kabutops,Kabutops,rock,water,Shellfish Pokémon,88.14,11.86,1.3,40.5,45,7680,60,115,105,65,70,80,Swift Swim,Battle Armor,,Weak Armor,0.5,0.25,1,2,4,0.5,2,0.5,2,0.5,1,1,1,1,1,1,1,1,0,0,0,Kabuto,Level ,Kabutops,,,,,,,,Kabutops slices its prey apart and sucks out the fluids. The discarded body parts become food for other Pokémon.
142,I,Aerodactyl,Ptera,rock,flying,Fossil Pokémon,88.14,11.86,1.8,59,45,8960,80,105,65,60,75,130,Rock Head,Pressure,,Unnerve,0.5,0.5,2,2,1,2,1,0.5,0,0.5,1,0.5,2,1,1,1,2,1,0,0,0,Aerodactyl,,,,,,,,Mega Aerodactyl,,This is a ferocious Pokémon from ancient times. Apparently even modern technology is incapable of producing a perfectly restored specimen.
143,I,Snorlax,Kabigon,normal,,Sleeping Pokémon,88.14,11.86,2.1,460,25,10240,160,110,65,65,110,30,Immunity,Thick Fat,,Gluttony,1,1,1,1,1,1,2,1,1,1,1,1,1,0,1,1,1,1,0,0,0,Munchlax,Level Up with Happiness Value at 220,Snorlax,,,,,Gigantamax Snorlax,,,"It is not satisfied unless it eats over 880 pounds of food every day. When it is done eating, it goes promptly to sleep."
144,I,Articuno,Freezer,ice,flying,Freeze Pokémon,,,1.7,55.4,3,20480,90,85,100,95,125,85,Pressure,Competitive (Galarian Form),,Snow Cloak,1,2,1,2,0.5,1,1,1,0,1,1,0.5,4,1,1,1,2,1,1,0,0,Articuno,,,,,,,,,,"It’s said that this Pokémon’s beautiful blue wings are made of ice. Articuno flies over snowy mountains, its long tail fluttering along behind it."
145,I,Zapdos,Thunder,electric,flying,Electric Pokémon,,,1.6,52.6,3,20480,90,90,85,125,90,100,Pressure,Defiant (Galarian Form),,Static,1,1,1,1,0.5,2,0.5,1,0,0.5,1,0.5,2,1,1,1,0.5,1,1,0,0,Zapdos,,,,,,,,,,This Pokémon has complete control over electricity. There are tales of Zapdos nesting in the dark depths of pitch-black thunderclouds.
146,I,Moltres,Fire,fire,flying,Flame Pokémon,,,2,60,3,20480,90,100,90,125,85,90,Pressure,Berserk (Galarian Form),,Flame Body,1,0.5,2,2,0.25,1,0.5,1,0,1,1,0.25,4,1,1,1,0.5,0.5,1,0,0,Moltres,,,,,,,,,,"It’s one of the legendary bird Pokémon. When Moltres flaps its flaming wings, they glimmer with a dazzling red glow."
147,I,Dratini,Miniryu,dragon,,Dragon Pokémon,50.2,49.8,1.8,3.3,45,10240,41,64,45,50,50,50,Shed Skin,,,Marvel Scale,1,0.5,0.5,0.5,0.5,2,1,1,1,1,1,1,1,1,2,1,1,2,0,0,0,Dratini,Level ,Dragonair,Level ,Dragonite,,,,,,"Dratini dwells near bodies of rapidly flowing water, such as the plunge pools of waterfalls. As it grows, Dratini will shed its skin many times."
148,I,Dragonair,Hakuryu,dragon,,Dragon Pokémon,50.2,49.8,4,16.5,45,10240,61,84,65,70,70,70,Shed Skin,,,Marvel Scale,1,0.5,0.5,0.5,0.5,2,1,1,1,1,1,1,1,1,2,1,1,2,0,0,0,Dratini,Level ,Dragonair,Level ,Dragonite,,,,,,"This Pokémon lives in pristine oceans and lakes. It can control the weather, and it uses this power to fly into the sky, riding on the wind."
149,I,Dragonite,Kairyu,dragon,flying,Dragon Pokémon,50.2,49.8,2.2,210,45,10240,91,134,95,100,100,80,Inner Focus,,,Multiscale,1,0.5,0.5,1,0.25,4,0.5,1,0,1,1,0.5,2,1,2,1,1,2,0,0,0,Dratini,Level ,Dragonair,Level ,Dragonite,,,,,,"It’s a kindhearted Pokémon. If it spots a drowning person or Pokémon, Dragonite simply must help them."
150,I,Mewtwo,Mewtwo,psychic,,Genetic Pokémon,,,2,122,3,30720,106,110,90,154,90,130,Pressure,,,Unnerve,1,1,1,1,1,1,0.5,1,1,1,0.5,2,1,2,1,2,1,1,0,1,0,Mewtwo,,,,,,,,Mega Mewtwo X,Mega Mewtwo Y,"Its DNA is almost the same as Mew’s. However, its size and disposition are vastly different."
151,I,Mew,Mew,psychic,,New Species Pokémon,,,0.4,4,45,30720,100,100,100,100,100,100,Synchronize,,,,1,1,1,1,1,1,0.5,1,1,1,0.5,2,1,2,1,2,1,1,0,0,1,Mew,,,,,,,,,,"When viewed through a microscope, this Pokémon’s short, fine, delicate hair can be seen."
152,II,Chikorita,Chicorita,grass,,Leaf Pokémon,88.1,11.9,0.9,6.4,45,5120,45,49,65,49,65,45,Overgrow,,,Leaf Guard,1,2,0.5,0.5,0.5,2,1,2,0.5,2,1,2,1,1,1,1,1,1,0,0,0,Chikorita,Level ,Bayleef,Level ,Meganium,,,,,,"In battle, Chikorita waves its leaf around to keep the foe at bay. However, a sweet fragrance also wafts from the leaf, becalming the battling Pokémon and creating a cozy, friendly atmosphere all around."
153,II,Bayleef,Bayleaf,grass,,Leaf Pokémon,88.1,11.9,1.2,15.8,45,5120,60,62,80,63,80,60,Overgrow,,,Leaf Guard,1,2,0.5,0.5,0.5,2,1,2,0.5,2,1,2,1,1,1,1,1,1,0,0,0,Chikorita,Level ,Bayleef,Level ,Meganium,,,,,,Bayleef’s neck is ringed by curled-up leaves. Inside each tubular leaf is a small shoot of a tree. The fragrance of this shoot makes people peppy.
154,II,Meganium,Meganium,grass,,Herb Pokémon,88.1,11.9,1.8,100.5,45,5120,80,82,100,83,100,80,Overgrow,,,Leaf Guard,1,2,0.5,0.5,0.5,2,1,2,0.5,2,1,2,1,1,1,1,1,1,0,0,0,Chikorita,Level ,Bayleef,Level ,Meganium,,,,,,"The fragrance of Meganium’s flower soothes and calms emotions. In battle, this Pokémon gives off more of its becalming scent to blunt the foe’s fighting spirit."
155,II,Cyndaquil,Hinoarashi,fire,,Fire Mouse Pokémon,88.1,11.9,0.5,7.9,45,5120,39,52,43,60,50,65,Blaze,,,Flash Fire,1,0.5,2,1,0.5,0.5,1,1,2,1,1,0.5,2,1,1,1,0.5,0.5,0,0,0,Cyndaquil,Level ,Quilava,Level ,Typhlosion,,,,,,"Cyndaquil protects itself by flaring up the flames on its back. The flames are vigorous if the Pokémon is angry. However, if it is tired, the flames splutter fitfully with incomplete combustion."
156,II,Quilava,Magmarashi,fire,,Volcano Pokémon,88.1,11.9,0.9,19,45,5120,58,64,58,80,65,80,Blaze,,,Flash Fire,1,0.5,2,1,0.5,0.5,1,1,2,1,1,0.5,2,1,1,1,0.5,0.5,0,0,0,Cyndaquil,Level ,Quilava,Level ,Typhlosion,,,,,,Quilava keeps its foes at bay with the intensity of its flames and gusts of superheated air. This Pokémon applies its outstanding nimbleness to dodge attacks even while scorching the foe with flames.
157,II,Typhlosion,Bakphoon,fire,,Volcano Pokémon,88.1,11.9,1.7,79.5,45,5120,78,84,78,109,85,100,Blaze,,,Flash Fire,1,0.5,2,1,0.5,0.5,1,1,2,1,1,0.5,2,1,1,1,0.5,0.5,0,0,0,Cyndaquil,Level ,Quilava,Level ,Typhlosion,,,,,,Typhlosion obscures itself behind a shimmering heat haze that it creates using its intensely hot flames. This Pokémon creates blazing explosive blasts that burn everything to cinders.
158,II,Totodile,Waninoko,water,,Big Jaw Pokémon,88.1,11.9,0.6,9.5,45,5120,50,65,64,44,48,43,Torrent,,,Sheer Force,1,0.5,0.5,2,2,0.5,1,1,1,1,1,1,1,1,1,1,0.5,1,0,0,0,Totodile,Level ,Croconaw,Level ,Feraligatr,,,,,,"Despite the smallness of its body, Totodile’s jaws are very powerful. While the Pokémon may think it is just playfully nipping, its bite has enough power to cause serious injury."
159,II,Croconaw,Alligates,water,,Big Jaw Pokémon,88.1,11.9,1.1,25,45,5120,65,80,80,59,63,58,Torrent,,,Sheer Force,1,0.5,0.5,2,2,0.5,1,1,1,1,1,1,1,1,1,1,0.5,1,0,0,0,Totodile,Level ,Croconaw,Level ,Feraligatr,,,,,,"Once Croconaw has clamped its jaws on its foe, it will absolutely not let go. Because the tips of its fangs are forked back like barbed fishhooks, they become impossible to remove when they have sunk in."
160,II,Feraligatr,Ordile,water,,Big Jaw Pokémon,88.1,11.9,2.3,88.8,45,5120,85,105,100,79,83,78,Torrent,,,Sheer Force,1,0.5,0.5,2,2,0.5,1,1,1,1,1,1,1,1,1,1,0.5,1,0,0,0,Totodile,Level ,Croconaw,Level ,Feraligatr,,,,,,"Feraligatr intimidates its foes by opening its huge mouth. In battle, it will kick the ground hard with its thick and powerful hind legs to charge at the foe at an incredible speed."
161,II,Sentret,Otachi,normal,,Scout Pokémon,50,50,0.8,6,255,3840,35,46,34,35,45,20,Run Away,Keen Eye,,Frisk,1,1,1,1,1,1,2,1,1,1,1,1,1,0,1,1,1,1,0,0,0,Sentret,Level ,Furret,,,,,,,,"When Sentret sleeps, it does so while another stands guard. The sentry wakes the others at the first sign of danger. When this Pokémon becomes separated from its pack, it becomes incapable of sleep due to fear."
162,II,Furret,Ootachi,normal,,Long Body Pokémon,50,50,1.8,32.5,90,3840,85,76,64,45,55,90,Run Away,Keen Eye,,Frisk,1,1,1,1,1,1,2,1,1,1,1,1,1,0,1,1,1,1,0,0,0,Sentret,Level ,Furret,,,,,,,,"Furret has a very slim build. When under attack, it can slickly squirm through narrow spaces and get away. In spite of its short limbs, this Pokémon is very nimble and fleet."
163,II,Hoothoot,Hoho,normal,flying,Owl Pokémon,50.2,49.8,0.7,21.2,255,3840,60,30,30,36,56,50,Insomnia,Keen Eye,,Tinted Lens,1,1,1,2,0.5,2,1,1,0,1,1,0.5,2,0,1,1,1,1,0,0,0,Hoothoot,Level ,Noctowl,,,,,,,,"It always stands on one foot. It changes feet so fast, the movement can rarely be seen."
164,II,Noctowl,Yorunozuku,normal,flying,Owl Pokémon,50.2,49.8,1.6,40.8,90,3840,100,50,50,86,96,70,Insomnia,Keen Eye,,Tinted Lens,1,1,1,2,0.5,2,1,1,0,1,1,0.5,2,0,1,1,1,1,0,0,0,Hoothoot,Level ,Noctowl,,,,,,,,Its eyes are specially developed to enable it to see clearly even in murky darkness and minimal light.
165,II,Ledyba,Rediba,bug,flying,Five Star Pokémon,50,50,1,10.8,255,3840,40,20,30,40,80,55,Swarm,Early Bird,,Rattled,1,2,1,2,0.25,2,0.25,1,0,2,1,0.5,4,1,1,1,1,1,0,0,0,Ledyba,Level ,Ledian,,,,,,,,"This Pokémon is very sensitive to cold. In the warmth of Alola, it appears quite lively."
166,II,Ledian,Redian,bug,flying,Five Star Pokémon,50,50,1.4,35.6,90,3840,55,35,50,55,110,85,Swarm,Early Bird,,Iron Fist,1,2,1,2,0.25,2,0.25,1,0,2,1,0.5,4,1,1,1,1,1,0,0,0,Ledyba,Level ,Ledian,,,,,,,,"It’s said that the patterns on its back are related to the stars in the night sky, but the details of that relationship remain unclear."
167,II,Spinarak,Itomaru,bug,poison,String Spit Pokémon,50,50,0.5,8.5,255,3840,40,60,40,40,40,30,Swarm,Insomnia,,Sniper,1,2,1,1,0.25,1,0.25,0.5,1,2,2,0.5,2,1,1,1,1,0.5,0,0,0,Spinarak,Level ,Ariados,,,,,,,,"With threads from its mouth, it fashions sturdy webs that won’t break even if you set a rock on them."
168,II,Ariados,Ariados,bug,poison,Long Leg Pokémon,50,50,1.1,33.5,90,3840,70,90,70,60,70,40,Swarm,Insomnia,,Sniper,1,2,1,1,0.25,1,0.25,0.5,1,2,2,0.5,2,1,1,1,1,0.5,0,0,0,Spinarak,Level ,Ariados,,,,,,,,"Every night, it wanders around in search of prey, whose movements it restrains by spewing threads before it bites into them with its fangs."
169,II,Crobat,Crobat,poison,flying,Bat Pokémon,50.2,49.8,1.8,75,90,3840,85,90,80,70,80,130,Inner Focus,,,Infiltrator,1,1,1,2,0.25,2,0.25,0.5,0,1,2,0.25,2,1,1,1,1,0.5,0,0,0,Zubat,Level ,Golbat,Level Up with Happiness Value at 220,Crobat,,,,,,"Both of its legs have turned into wings. Without a sound, Crobat flies swiftly toward its prey and sinks its fangs into the nape of its target’s neck."
170,II,Chinchou,Chonchie,water,electric,Angler Pokémon,50.2,49.8,0.5,12,190,5120,75,38,38,56,56,67,Volt Absorb,Illuminate,,Water Absorb,1,0.5,0.5,1,2,0.5,1,1,2,0.5,1,1,1,1,1,1,0.25,1,0,0,0,Chinchou,Level ,Lanturn,,,,,,,,"Its antennae, which evolved from a fin, have both positive and negative charges flowing through them."
171,II,Lanturn,Lantern,water,electric,Light Pokémon,50.2,49.8,1.2,22.5,75,5120,125,58,58,76,76,67,Volt Absorb,Illuminate,,Water Absorb,1,0.5,0.5,1,2,0.5,1,1,2,0.5,1,1,1,1,1,1,0.25,1,0,0,0,Chinchou,Level ,Lanturn,,,,,,,,The light it emits is so bright that it can illuminate the sea’s surface from a depth of over three miles.
172,II,Pichu,Pichu,electric,,Tiny Mouse Pokémon,50.2,49.8,0.3,2,190,2560,20,40,15,35,35,60,Static,,,Lightning Rod,1,1,1,0.5,1,1,1,1,2,0.5,1,1,1,1,1,1,0.5,1,0,0,0,Pichu,Level Up with Happiness Value at 220,Pikachu,Use Thunder Stone,Raichu,,,,,,"Despite its small size, it can zap even adult humans. However, if it does so, it also surprises itself."
173,II,Cleffa,Py,fairy,,Star Shape Pokémon,24.9,75.1,0.3,3,150,2560,50,25,28,45,55,15,Cute Charm,Magic Guard,,Friend Guard,1,1,1,1,1,1,0.5,2,1,1,1,0.5,1,1,0,0.5,2,1,0,0,0,Cleffa,Level Up with Happiness Value at 220,Clefairy,Use Moon Stone,Clefable,,,,,,"According to local rumors, Cleffa are often seen in places where shooting stars have fallen."
174,II,Igglybuff,Pupurin,normal,fairy,Balloon Pokémon,24.9,75.1,0.3,1,170,2560,90,30,15,40,20,15,Cute Charm,Competitive,,Friend Guard,1,1,1,1,1,1,1,2,1,1,1,0.5,1,0,0,0.5,2,1,0,0,0,Igglybuff,Level Up with Happiness Value at 220,Jigglypuff,Use Moon Stone,Wigglytuff,,,,,,Igglybuff loves to sing. Its marshmallow-like body gives off a faint sweet smell.
175,II,Togepi,Togepy,fairy,,Spike Ball Pokémon,88.14,11.86,0.3,1.5,190,2560,35,20,65,40,65,20,Hustle,Serene Grace,,Super Luck,1,1,1,1,1,1,0.5,2,1,1,1,0.5,1,1,0,0.5,2,1,0,0,0,Togepi,Level Up with Happiness Value at 220,Togetic,Use Shiny Stone,Togekiss,,,,,,The shell seems to be filled with joy. It is said that it will share good luck when treated kindly.
176,II,Togetic,Togechick,fairy,flying,Happiness Pokémon,88.14,11.86,0.6,3.2,75,2560,55,40,85,80,105,40,Hustle,Serene Grace,,Super Luck,1,1,1,2,0.5,2,0.25,2,0,1,1,0.25,2,1,0,0.5,2,1,0,0,0,Togepi,Level Up with Happiness Value at 220,Togetic,Use Shiny Stone,Togekiss,,,,,,"They say that it will appear before kindhearted, caring people and shower them with happiness."
177,II,Natu,Naty,psychic,flying,Little Bird Pokémon,50.2,49.8,0.2,2,190,5120,40,50,45,70,45,70,Synchronize,Early Bird,,Magic Bounce,1,1,1,2,0.5,2,0.25,1,0,1,0.5,1,2,2,1,2,1,1,0,0,0,Natu,Level ,Xatu,,,,,,,,It is extremely good at climbing tree trunks and likes to eat the new sprouts on the trees.
178,II,Xatu,Natio,psychic,flying,Mystic Pokémon,50.2,49.8,1.5,15,75,5120,65,75,70,95,70,95,Synchronize,Early Bird,,Magic Bounce,1,1,1,2,0.5,2,0.25,1,0,1,0.5,1,2,2,1,2,1,1,0,0,0,Natu,Level ,Xatu,,,,,,,,They say that it stays still and quiet because it is seeing both the past and future at the same time.
179,II,Mareep,Merriep,electric,,Wool Pokémon,50,50,0.6,7.8,235,5120,55,40,40,65,45,35,Static,,,Plus,1,1,1,0.5,1,1,1,1,2,0.5,1,1,1,1,1,1,0.5,1,0,0,0,Mareep,Level ,Flaaffy,Level ,Ampharos,,,,,,"Clothing made from Mareep’s fleece is easily charged with static electricity, so a special process is used on it."
180,II,Flaaffy,Mokoko,electric,,Wool Pokémon,50,50,0.8,13.3,120,5120,70,55,55,80,60,45,Static,,,Plus,1,1,1,0.5,1,1,1,1,2,0.5,1,1,1,1,1,1,0.5,1,0,0,0,Mareep,Level ,Flaaffy,Level ,Ampharos,,,,,,"In the places on its body where fleece doesn’t grow, its skin is rubbery and doesn’t conduct electricity. Those spots are safe to touch."
181,II,Ampharos,Denryu,electric,,Light Pokémon,50,50,1.4,61.5,45,5120,90,75,85,115,90,55,Static,,,Plus,1,1,1,0.5,1,1,1,1,2,0.5,1,1,1,1,1,1,0.5,1,0,0,0,Mareep,Level ,Flaaffy,Level ,Ampharos,,,,Mega Ampharos,,"The light from its tail can be seen from space. This is why you can always tell exactly where it is, which is why it usually keeps the light off."
182,II,Bellossom,Kireihana,grass,,Flower Pokémon,50.2,49.8,0.4,5.8,45,5120,75,80,95,90,100,50,Chlorophyll,,,Healer,1,2,0.5,0.5,0.5,2,1,2,0.5,2,1,2,1,1,1,1,1,1,0,0,0,Oddish,Level,Gloom,Use Sun Stone,Bellossom,,,,,,"Plentiful in the tropics. When it dances, its petals rub together and make a pleasant ringing sound."
183,II,Marill,Maril,water,fairy,Aquamouse Pokémon,50.2,49.8,0.4,8.5,190,2560,70,20,50,20,50,40,Thick Fat,Huge Power,,Sap Sipper,1,0.5,0.5,2,2,0.5,0.5,2,1,1,1,0.5,1,1,0,0.5,1,1,0,0,0,Azurill,Level Up with Happiness Value at 220,Marill,Level ,Azumarill,,,,,,This Pokémon uses its round tail as a float. The ball of Marill’s tail is filled with nutrients that have been turned into an oil.
184,II,Azumarill,Marilli,water,fairy,Aquarabbit Pokémon,50.2,49.8,0.8,28.5,75,2560,100,50,80,60,80,50,Thick Fat,Huge Power,,Sap Sipper,1,0.5,0.5,2,2,0.5,0.5,2,1,1,1,0.5,1,1,0,0.5,1,1,0,0,0,Azurill,Level Up with Happiness Value at 220,Marill,Level ,Azumarill,,,,,,"It spends most of its time in the water. On sunny days, Azumarill floats on the surface of the water and sunbathes."
185,II,Sudowoodo,Usokkie,rock,,Imitation Pokémon,50.2,49.8,1.2,38,65,5120,70,100,115,30,65,30,Sturdy,Rock Head,,Rattled,0.5,0.5,2,1,2,1,2,0.5,2,0.5,1,1,1,1,1,1,2,1,0,0,0,Bonsly,Level up while knowing  Mimic,Sudowoodo,,,,,,,,"If a tree branch shakes when there is no wind, it’s a Sudowoodo, not a tree. It hides from the rain."
186,II,Politoed,Nyorotono,water,,Frog Pokémon,50.2,49.8,1.1,33.9,45,5120,90,75,75,90,100,70,Water Absorb,Damp,,Drizzle,1,0.5,0.5,2,2,0.5,1,1,1,1,1,1,1,1,1,1,0.5,1,0,0,0,Poliwag,Level,Poliwhirl,Trade with  King's Rock,Politoed,,,,,,"At nightfall, these Pokémon appear on the shores of lakes. They announce their territorial claims by letting out cries that sound like shouting."
187,II,Hoppip,Hanecco,grass,flying,Cottonweed Pokémon,50,50,0.4,0.5,255,5120,35,35,40,35,55,50,Chlorophyll,Leaf Guard,,Infiltrator,1,2,0.5,1,0.25,4,0.5,2,0,2,1,1,2,1,1,1,1,1,0,0,0,Hoppip,Level ,Skiploom,Level ,Jumpluff,,,,,,"This Pokémon drifts and floats with the wind. If it senses the approach of strong winds, Hoppip links its leaves with other Hoppip to prepare against being blown away."
188,II,Skiploom,Popocco,grass,flying,Cottonweed Pokémon,50,50,0.6,1,120,5120,55,45,50,45,65,80,Chlorophyll,Leaf Guard,,Infiltrator,1,2,0.5,1,0.25,4,0.5,2,0,2,1,1,2,1,1,1,1,1,0,0,0,Hoppip,Level ,Skiploom,Level ,Jumpluff,,,,,,"Skiploom’s flower blossoms when the temperature rises above 64 degrees Fahrenheit. How much the flower opens depends on the temperature. For that reason, this Pokémon is sometimes used as a thermometer."
189,II,Jumpluff,Watacco,grass,flying,Cottonweed Pokémon,50,50,0.8,3,45,5120,75,55,70,55,95,110,Chlorophyll,Leaf Guard,,Infiltrator,1,2,0.5,1,0.25,4,0.5,2,0,2,1,1,2,1,1,1,1,1,0,0,0,Hoppip,Level ,Skiploom,Level ,Jumpluff,,,,,,Jumpluff rides warm southern winds to cross the sea and fly to foreign lands. The Pokémon descends to the ground when it encounters cold air while it is floating.
190,II,Aipom,Eipam,normal,,Long Tail Pokémon,50,50,0.8,11.5,45,5120,55,70,55,40,55,85,Run Away,Pickup,,Skill Link,1,1,1,1,1,1,2,1,1,1,1,1,1,0,1,1,1,1,0,0,0,Aipom,Level up while knowing  Double Hit,Ambipom,,,,,,,,"As it did more and more with its tail, its hands became clumsy. It makes its nest high in the treetops."
191,II,Sunkern,Himanuts,grass,,Seed Pokémon,50,50,0.3,1.8,235,5120,30,30,30,30,30,30,Chlorophyll,Solar Power,,Early Bird,1,2,0.5,0.5,0.5,2,1,2,0.5,2,1,2,1,1,1,1,1,1,0,0,0,Sunkern,Use Sun Stone,Sunflora,,,,,,,,"Sunkern tries to move as little as it possibly can. It does so because it tries to conserve all the nutrients it has stored in its body for its evolution. It will not eat a thing, subsisting only on morning dew."
192,II,Sunflora,Kimawari,grass,,Sun Pokémon,50,50,0.8,8.5,120,5120,75,75,55,105,85,30,Chlorophyll,Solar Power,,Early Bird,1,2,0.5,0.5,0.5,2,1,2,0.5,2,1,2,1,1,1,1,1,1,0,0,0,Sunkern,Use Sun Stone,Sunflora,,,,,,,,Sunflora converts solar energy into nutrition. It moves around actively in the daytime when it is warm. It stops moving as soon as the sun goes down for the night.
193,II,Yanma,Yanyanma,bug,flying,Clear Wing Pokémon,50,50,1.2,38,75,5120,65,65,45,75,45,95,Speed Boost,Compound Eyes,,Frisk,1,2,1,2,0.25,2,0.25,1,0,2,1,0.5,4,1,1,1,1,1,0,0,0,Yanma,Level up while knowing  Ancient Power,Yanmega,,,,,,,,Yanma is capable of seeing 360 degrees without having to move its eyes. It is a great flier that is adept at making sudden stops and turning midair. This Pokémon uses its flying ability to quickly chase down targeted prey.
194,II,Wooper,Upah,water,ground,Water Fish Pokémon,50.2,49.8,0.4,8.5,255,5120,55,45,45,25,25,15,Damp,Water Absorb,,Unaware,1,0.5,1,0,4,1,1,0.5,1,1,1,1,0.5,1,1,1,0.5,1,0,0,0,Wooper,Level ,Quagsire,,,,,,,,This Pokémon lives in cold water. It will leave the water to search for food when it gets cold outside.
195,II,Quagsire,Nuoh,water,ground,Water Fish Pokémon,50.2,49.8,1.4,75,90,5120,95,85,85,65,65,35,Damp,Water Absorb,,Unaware,1,0.5,1,0,4,1,1,0.5,1,1,1,1,0.5,1,1,1,0.5,1,0,0,0,Wooper,Level ,Quagsire,,,,,,,,It has an easygoing nature. It doesn’t care if it bumps its head on boats and boulders while swimming.
196,II,Espeon,Eifie,psychic,,Sun Pokémon,88.14,11.86,0.9,26.5,45,8960,65,65,60,130,95,110,Synchronize,,,Magic Bounce,1,1,1,1,1,1,0.5,1,1,1,0.5,2,1,2,1,2,1,1,0,0,0,Eevee,,,,,,,,,,"By reading air currents, it can predict things such as the weather or its foe’s next move."
197,II,Umbreon,Blacky,dark,,Moonlight Pokémon,88.14,11.86,1,27,45,8960,95,65,110,60,130,65,Synchronize,,,Inner Focus,1,1,1,1,1,1,2,1,1,1,0,2,1,0.5,1,0.5,1,2,0,0,0,Eevee,,,,,,,,,,"When this Pokémon becomes angry, its pores secrete a poisonous sweat, which it sprays at its opponent’s eyes."
198,II,Murkrow,Yamikarasu,dark,flying,Darkness Pokémon,50,50,0.5,2.1,30,5120,60,85,42,85,42,91,Insomnia,Super Luck,,Prankster,1,1,1,2,0.5,2,1,1,0,1,0,1,2,0.5,1,0.5,1,2,0,0,0,Murkrow,Use Dusk Stone,Honchkrow,,,,,,,,It has a weakness for shiny things. It’s been known to sneak into the nests of Gabite—noted collectors of jewels—in search of treasure.
199,II,Slowking,Yadoking,water,psychic,Royal Pokémon,50.2,49.8,2,79.5,70,5120,95,75,80,100,110,30,Oblivious,Own Tempo,,Regenerator,1,0.5,0.5,2,2,0.5,0.5,1,1,1,0.5,2,1,2,1,2,0.5,1,0,0,0,Slowpoke,Level,Slowbro,Trade with  King's Rock,Slowking,,,,,,"Miraculously, this former Slowpoke’s latent intelligence was drawn out when Shellder poison raced through its brain."
200,II,Misdreavus,Muma,ghost,,Screech Pokémon,50,50,0.7,1,45,6400,60,60,60,85,85,85,Levitate,,,,0,1,1,1,1,1,0,0.5,1,1,1,0.5,1,2,1,2,1,1,0,0,0,Misdreavus,Use Dusk Stone,Mismagius,,,,,,,,"What gives meaning to its life is surprising others. If you set your ear against the red orbs around its neck, you can hear shrieking."
201,II,Unown,Unknown,psychic,,Symbol Pokémon,,,0.5,5,225,10240,48,72,48,72,48,48,Levitate,,,,1,1,1,1,1,1,0.5,1,1,1,0.5,2,1,2,1,2,1,1,0,0,0,Unown,,,,,,,,,,"This Pokémon is shaped like ancient writing. It is a mystery as to which came first, the ancient writings or the various Unown. Research into this topic is ongoing but nothing is known."
202,II,Wobbuffet,Sonans,psychic,,Patient Pokémon,50.2,49.8,1.3,28.5,45,5120,190,33,58,33,58,33,Shadow Tag,,,Telepathy,1,1,1,1,1,1,0.5,1,1,1,0.5,2,1,2,1,2,1,1,0,0,0,Wynaut,Level ,Wobbuffet,,,,,,,,"It hates light and shock. If attacked, it inflates its body to pump up its counterstrike."
203,II,Girafarig,Kirinriki,normal,psychic,Long Neck Pokémon,50,50,1.5,41.5,60,5120,70,80,65,90,65,85,Inner Focus,Early Bird,,Sap Sipper,1,1,1,1,1,1,1,1,1,1,0.5,2,1,0,1,2,1,1,0,0,0,Girafarig,,,,,,,,,,"Girafarig’s rear head also has a brain, but it is small. The rear head attacks in response to smells and sounds. Approaching this Pokémon from behind can cause the rear head to suddenly lash out and bite."
204,II,Pineco,Kunugidama,bug,,Bagworm Pokémon,50,50,0.6,7.2,190,5120,50,65,90,35,35,15,Sturdy,,,Overcoat,1,2,1,1,0.5,1,0.5,1,0.5,2,1,1,2,1,1,1,1,1,0,0,0,Pineco,Level ,Forretress,,,,,,,,"Motionless, it hangs from trees, waiting for its bug Pokémon prey to come to it. Its favorite in Alola is Cutiefly."
205,II,Forretress,Foretos,bug,steel,Bagworm Pokémon,50,50,1.2,125.8,75,5120,75,90,140,60,60,40,Sturdy,,,Overcoat,0.5,4,1,1,0.25,0.5,1,0,1,1,0.5,0.5,1,1,0.5,1,0.5,0.5,0,0,0,Pineco,Level ,Forretress,,,,,,,,"When something approaches it, it fires off fragments of its steel shell in attack. This is not a conscious action but a conditioned reflex."
206,II,Dunsparce,Nokocchi,normal,,Land Snake Pokémon,50.2,49.8,1.5,14,190,5120,100,70,70,65,65,45,Serene Grace,Run Away,,Rattled,1,1,1,1,1,1,2,1,1,1,1,1,1,0,1,1,1,1,0,0,0,Dunsparce,,,,,,,,,,This Pokémon’s tiny wings have some scientists saying that Dunsparce used to fly through the sky in ancient times.
207,II,Gligar,Gliger,ground,flying,Flyscorpion Pokémon,50,50,1.1,64.8,60,5120,65,75,105,35,65,85,Hyper Cutter,Sand Veil,,Immunity,1,1,2,0,1,4,0.5,0.5,0,1,1,0.5,1,1,1,1,1,1,0,0,0,Gligar,Level up during the night while holding  Razor Fang,Gliscor,,,,,,,,"Gligar glides through the air without a sound as if it were sliding. This Pokémon hangs on to the face of its foe using its clawed hind legs and the large pincers on its forelegs, then injects the prey with its poison barb."
208,II,Steelix,Haganeil,steel,ground,Iron Snake Pokémon,50.2,49.8,9.2,400,25,6400,75,85,200,55,65,30,Rock Head,Sturdy,,Sheer Force,0.5,2,2,0,1,1,2,0,2,0.5,0.5,0.5,0.25,1,0.5,1,0.5,0.5,0,0,0,Onix,Trade with  Metal Coat,Steelix,,,,,,Mega Steelix,,"It is said that if an Onix lives for over 100 years, its composition changes to become diamond-like."
209,II,Snubbull,Bulu,fairy,,Fairy Pokémon,24.6,75.4,0.6,7.8,190,5120,60,80,50,40,40,30,Intimidate,Run Away,,Rattled,1,1,1,1,1,1,0.5,2,1,1,1,0.5,1,1,0,0.5,2,1,0,0,0,Snubbull,Level ,Granbull,,,,,,,,It grows close to others easily and is also easily spoiled. The disparity between its face and its actions makes many young people wild about it.
210,II,Granbull,Granbulu,fairy,,Fairy Pokémon,24.6,75.4,1.4,48.7,75,5120,90,120,75,60,60,45,Intimidate,Quick Feet,,Rattled,1,1,1,1,1,1,0.5,2,1,1,1,0.5,1,1,0,0.5,2,1,0,0,0,Snubbull,Level ,Granbull,,,,,,,,"While it has powerful jaws, it doesn’t care for disputes, so it rarely has a chance to display their might."
211,II,Qwilfish,Harysen,water,poison,Balloon Pokémon,50.2,49.8,0.5,3.9,45,5120,65,95,85,55,55,85,Poison Point,Swift Swim,,Intimidate,1,0.5,0.5,2,1,0.5,0.5,0.5,2,1,2,0.5,1,1,1,1,0.5,0.5,0,0,0,Qwilfish,,,,,,,,,,"When faced with a larger opponent, it swallows as much water as it can to match the opponent’s size."
212,II,Scizor,Hassam,bug,steel,Pincer Pokémon,50.2,49.8,1.8,118,25,6400,70,130,100,55,80,65,Swarm,Technician,,Light Metal,0.5,4,1,1,0.25,0.5,1,0,1,1,0.5,0.5,1,1,0.5,1,0.5,0.5,0,0,0,Scyther,Trade with  Metal Coat,Scizor,,,,,,Mega Scizor,,Bulky pincers account for one third of Scizor’s body weight. A single swing of one of these pincers will crush a boulder completely.
213,II,Shuckle,Tsubotsubo,bug,rock,Mold Pokémon,50.2,49.8,0.6,20.5,190,5120,20,10,230,10,230,5,Sturdy,Gluttony,,Contrary,0.5,1,2,1,1,1,1,0.5,1,1,1,1,2,1,1,1,2,1,0,0,0,Shuckle,,,,,,,,,,"It stores berries inside its shell. To avoid attacks, it hides beneath rocks and remains completely still."
214,II,Heracross,Heracros,bug,fighting,Singlehorn Pokémon,50.2,49.8,1.5,54,45,6400,80,125,75,40,95,85,Swarm,Guts,,Moxie,1,2,1,1,0.5,1,0.5,1,0.5,4,2,0.5,1,1,1,0.5,1,2,0,0,0,Heracross,,,,,,,,Mega Heracross,,Heracross loves sweet sap and will go looking through forests for it. The Pokémon uses its two antennae to pick up scents as it searches.
215,II,Sneasel,Nyula,dark,ice,Sharp Claw Pokémon,50.2,49.8,0.9,28,60,5120,55,95,55,35,75,115,Inner Focus,Keen Eye,,Pickpocket,1,2,1,1,1,0.5,4,1,1,1,0,2,2,0.5,1,0.5,2,2,0,0,0,Sneasel,Level up during the night while holding  Razor Claw,Weavile,,,,,,,,"Its paws conceal sharp claws. If attacked, it suddenly extends the claws and startles its enemy."
216,II,Teddiursa,Himeguma,normal,,Little Bear Pokémon,50,50,0.6,8.8,120,5120,60,80,50,50,50,40,Pickup,Quick Feet,,Honey Gather,1,1,1,1,1,1,2,1,1,1,1,1,1,0,1,1,1,1,0,0,0,Teddiursa,Level ,Ursaring,,,,,,,,This Pokémon likes to lick its palms that are sweetened by being soaked in honey. Teddiursa concocts its own honey by blending fruits and pollen collected by Beedrill.
217,II,Ursaring,Ringuma,normal,,Hibernator Pokémon,50,50,1.8,125.8,60,5120,90,130,75,75,75,55,Guts,Quick Feet,,Unnerve,1,1,1,1,1,1,2,1,1,1,1,1,1,0,1,1,1,1,0,0,0,Teddiursa,Level ,Ursaring,,,,,,,,"In the forests inhabited by Ursaring, it is said that there are many streams and towering trees where they gather food. This Pokémon walks through its forest gathering food every day."
218,II,Slugma,Magmag,fire,,Lava Pokémon,50,50,0.7,35,190,5120,40,40,40,70,40,20,Magma Armor,Flame Body,,Weak Armor,1,0.5,2,1,0.5,0.5,1,1,2,1,1,0.5,2,1,1,1,0.5,0.5,0,0,0,Slugma,Level ,Magcargo,,,,,,,,"Molten magma courses throughout Slugma’s circulatory system. If this Pokémon is chilled, the magma cools and hardens. Its body turns brittle and chunks fall off, reducing its size."
219,II,Magcargo,Magcargot,fire,rock,Lava Pokémon,50,50,0.8,55,75,5120,60,50,120,90,80,30,Magma Armor,Flame Body,,Weak Armor,0.5,0.25,4,1,1,0.5,2,0.5,4,0.5,1,0.5,2,1,1,1,1,0.5,0,0,0,Slugma,Level ,Magcargo,,,,,,,,Magcargo’s shell is actually its skin that hardened as a result of cooling. Its shell is very brittle and fragile—just touching it causes it to crumble apart. This Pokémon returns to its original size by dipping itself in magma.
220,II,Swinub,Urimoo,ice,ground,Pig Pokémon,50.2,49.8,0.4,6.5,225,5120,50,50,40,30,30,50,Oblivious,Snow Cloak,,Thick Fat,1,2,2,0,2,1,2,0.5,1,1,1,1,1,1,1,1,2,1,0,0,0,Swinub,Level ,Piloswine,Level up while knowing  Ancient Power,Mamoswine,,,,,,It rubs its snout on the ground to find and dig up food. It sometimes discovers hot springs.
221,II,Piloswine,Inomoo,ice,ground,Swine Pokémon,50.2,49.8,1.1,55.8,75,5120,100,100,80,60,60,50,Oblivious,Snow Cloak,,Thick Fat,1,2,2,0,2,1,2,0.5,1,1,1,1,1,1,1,1,2,1,0,0,0,Swinub,Level ,Piloswine,Level up while knowing  Ancient Power,Mamoswine,,,,,,"If it charges at an enemy, the hairs on its back stand up straight. It is very sensitive to sound."
222,II,Corsola,Sunnygo,water,rock,Coral Pokémon,24.9,75.1,0.6,5,60,5120,65,55,95,65,95,35,Hustle,Natural Cure,,Regenerator,0.5,0.25,1,2,4,0.5,2,0.5,2,0.5,1,1,1,1,1,1,1,1,0,0,0,Corsola,Level 38,Cursola,,,,,,,,It will regrow any branches that break off its head. People keep particularly beautiful Corsola branches as charms to promote safe childbirth.
223,II,Remoraid,Teppouo,water,,Jet Pokémon,50.2,49.8,0.6,12,190,5120,35,65,35,65,35,65,Hustle,Sniper,,Moody,1,0.5,0.5,2,2,0.5,1,1,1,1,1,1,1,1,1,1,0.5,1,0,0,0,Remoraid,Level ,Octillery,,,,,,,,The water they shoot from their mouths can hit moving prey from more than 300 feet away.
224,II,Octillery,Okutank,water,,Jet Pokémon,50.2,49.8,0.9,28.5,75,5120,75,105,75,105,75,45,Suction Cups,Sniper,,Moody,1,0.5,0.5,2,2,0.5,1,1,1,1,1,1,1,1,1,1,0.5,1,0,0,0,Remoraid,Level ,Octillery,,,,,,,,It has a tendency to want to be in holes. It prefers rock crags or pots and sprays ink from them before attacking.
225,II,Delibird,Delibird,ice,flying,Delivery Pokémon,50.2,49.8,0.9,16,45,5120,45,55,45,65,45,75,Vital Spirit,Hustle,,Insomnia,1,2,1,2,0.5,1,1,1,0,1,1,0.5,4,1,1,1,2,1,0,0,0,Delibird,,,,,,,,,,It carries food all day long. There are tales about lost people who were saved by the food it had.
226,II,Mantine,Mantain,water,flying,Kite Pokémon,50.2,49.8,2.1,220,25,6400,85,40,70,80,140,70,Swift Swim,Water Absorb,,Water Veil,1,0.5,0.5,4,1,1,0.5,1,0,1,1,0.5,2,1,1,1,0.5,1,0,0,0,Mantyke,Level up with Remoraid in the party,Mantine,,,,,,,,"If it builds up enough speed swimming, it can jump out above the waves and glide for over 300 feet."
227,II,Skarmory,Airmd,steel,flying,Armor Bird Pokémon,50.2,49.8,1.7,50.5,25,6400,65,80,140,40,70,70,Keen Eye,Sturdy,,Weak Armor,0.5,2,1,2,0.25,1,1,0,0,0.5,0.5,0.25,1,1,0.5,1,0.5,0.5,0,0,0,Skarmory,,,,,,,,,,The pointed feathers of these Pokémon are sharper than swords. Skarmory and Corviknight fight viciously over territory.
228,II,Houndour,Delvil,dark,fire,Dark Pokémon,50,50,0.6,10.8,120,5120,45,60,30,80,50,65,Early Bird,Flash Fire,,Unnerve,1,0.5,2,1,0.5,0.5,2,1,2,1,0,1,2,0.5,1,0.5,0.5,1,0,0,0,Houndour,Level ,Houndoom,,,,,,,,"It cooperates with others skillfully. When it becomes your partner, it’s very loyal to you as its Trainer and will obey your orders."
229,II,Houndoom,Hellgar,dark,fire,Dark Pokémon,50,50,1.4,35,45,5120,75,90,50,110,80,95,Early Bird,Flash Fire,,Unnerve,1,0.5,2,1,0.5,0.5,2,1,2,1,0,1,2,0.5,1,0.5,0.5,1,0,0,0,Houndour,Level ,Houndoom,,,,,,Mega Houndoom,,They spew flames mixed with poison to finish off their opponents. They divvy up their prey evenly among the members of their pack.
230,II,Kingdra,Kingdra,water,dragon,Dragon Pokémon,50.2,49.8,1.8,152,45,5120,75,95,95,95,95,85,Swift Swim,Sniper,,Damp,1,0.25,0.25,1,1,1,1,1,1,1,1,1,1,1,2,1,0.5,2,0,0,0,Horsea,Level ,Seadra,Trade with  Dragon Scale,Kingdra,,,,,,"With the arrival of a storm at sea, this Pokémon will show itself on the surface. When a Kingdra and a Dragonite meet, a fierce battle ensues."
231,II,Phanpy,Gomazou,ground,,Long Nose Pokémon,50,50,0.5,33.5,120,5120,90,60,60,40,40,40,Pickup,,,Sand Veil,1,1,2,0,2,2,1,0.5,1,1,1,1,0.5,1,1,1,1,1,0,0,0,Phanpy,Level ,Donphan,,,,,,,,"For its nest, Phanpy digs a vertical pit in the ground at the edge of a river. It marks the area around its nest with its trunk to let the others know that the area has been claimed."
232,II,Donphan,Donfan,ground,,Armor Pokémon,50,50,1.1,120,60,5120,90,120,120,60,60,50,Sturdy,,,Sand Veil,1,1,2,0,2,2,1,0.5,1,1,1,1,0.5,1,1,1,1,1,0,0,0,Phanpy,Level ,Donphan,,,,,,,,"Donphan’s favorite attack is curling its body into a ball, then charging at its foe while rolling at high speed. Once it starts rolling, this Pokémon can’t stop very easily."
233,II,Porygon2,Porygon2,normal,,Virtual Pokémon,,,0.6,32.5,45,5120,85,80,90,105,95,60,Trace,Download,,Analytic,1,1,1,1,1,1,2,1,1,1,1,1,1,0,1,1,1,1,0,0,0,Porygon,Trade with  Upgrade,Porygon2,Trade with  Dubious Disc,Porygon-Z,,,,,,This is a Porygon that was updated with special data. Porygon2 develops itself by learning about many different subjects all on its own.
234,II,Stantler,Odoshishi,normal,,Big Horn Pokémon,50,50,1.4,71.2,45,5120,73,95,62,85,65,85,Intimidate,Frisk,,Sap Sipper,1,1,1,1,1,1,2,1,1,1,1,1,1,0,1,1,1,1,0,0,0,Stantler,,,,,,,,,,"Stantler’s magnificent antlers were traded at high prices as works of art. As a result, this Pokémon was hunted close to extinction by those who were after the priceless antlers."
235,II,Smeargle,Doble,normal,,Painter Pokémon,50,50,1.2,58,45,5120,55,20,35,20,45,75,Own Tempo,Technician,,Moody,1,1,1,1,1,1,2,1,1,1,1,1,1,0,1,1,1,1,0,0,0,Smeargle,,,,,,,,,,The fluid of Smeargle’s tail secretions changes in the intensity of its hue as the Pokémon’s emotions change.
236,II,Tyrogue,Balkie,fighting,,Scuffle Pokémon,100,0,0.7,21,75,6400,35,35,35,35,35,35,Guts,Steadfast,,Vital Spirit,1,1,1,1,1,1,1,1,1,2,2,0.5,0.5,1,1,0.5,1,2,0,0,0,Tyrogue,Attack < Defence at Level 20,Hitmonchan,Attack > Defence at Level 20,Hitmonlee,Attack = Defence at Level 20,Hitmontop,,,,"It is always bursting with energy. To make itself stronger, it keeps on fighting even if it loses."
237,II,Hitmontop,Kapoerer,fighting,,Handstand Pokémon,100,0,1.4,48,45,6400,50,95,95,35,110,70,Intimidate,Technician,,Steadfast,1,1,1,1,1,1,1,1,1,2,2,0.5,0.5,1,1,0.5,1,2,0,0,0,Tyrogue,Attack = Defence at Level 20,Hitmontop,,,,,,,,"It launches kicks while spinning. If it spins at high speed, it may bore its way into the ground."
238,II,Smoochum,Muchul,ice,psychic,Kiss Pokémon,0,100,0.4,6,45,6400,45,30,15,85,65,65,Oblivious,Forewarn,,Hydration,1,2,1,1,1,0.5,1,1,1,1,0.5,2,2,2,1,2,2,1,0,0,0,Smoochum,Level ,Jynx,,,,,,,,"If its face gets even slightly dirty, Smoochum will bathe immediately. But if its body gets dirty, Smoochum doesn’t really seem to care."
239,II,Elekid,Elekid,electric,,Electric Pokémon,75.49,24.51,0.6,23.5,45,6400,45,63,37,65,55,95,Static,,,Vital Spirit,1,1,1,0.5,1,1,1,1,2,0.5,1,1,1,1,1,1,0.5,1,0,0,0,Elekid,Level ,Electabuzz,Trade with  Electirizer,Electivire,,,,,,"When a storm approaches, this Pokémon gets restless. Once Elekid hears the sound of thunder, it gets full-on rowdy."
240,II,Magby,Buby,fire,,Live Coal Pokémon,75.49,24.51,0.7,21.4,45,6400,45,75,37,70,55,83,Flame Body,,,Vital Spirit,1,0.5,2,1,0.5,0.5,1,1,2,1,1,0.5,2,1,1,1,0.5,0.5,0,0,0,Magby,Level ,Magmar,Trade with  Magmarizer,Magmortar,,,,,,"This Pokémon is still small and timid. Whenever Magby gets excited or surprised, flames leak from its mouth and its nose."
241,II,Miltank,Miltank,normal,,Milk Cow Pokémon,0,100,1.2,75.5,45,5120,95,80,105,40,70,100,Thick Fat,Scrappy,,Sap Sipper,1,1,1,1,1,1,2,1,1,1,1,1,1,0,1,1,1,1,0,0,0,Miltank,,,,,,,,,,"Miltank produces highly nutritious milk, so it’s been supporting the lives of people and other Pokémon since ancient times."
242,II,Blissey,Happinas,normal,,Happiness Pokémon,0,100,1.5,46.8,30,10240,255,10,10,75,135,55,Natural Cure,Serene Grace,,Healer,1,1,1,1,1,1,2,1,1,1,1,1,1,0,1,1,1,1,0,0,0,Happiny,Level up during day while holding Oval Stone,Chansey,Level Up with Happiness Value at 220,Blissey,,,,,,"Whenever a Blissey finds a weakened Pokémon, it will share its egg and offer its care until the other Pokémon is all better."
243,II,Raikou,Raikou,electric,,Thunder Pokémon,,,1.9,178,3,20480,90,85,75,115,100,115,Pressure,,,Inner Focus,1,1,1,0.5,1,1,1,1,2,0.5,1,1,1,1,1,1,0.5,1,1,0,0,Raikou,,,,,,,,,,Raikou embodies the speed of lightning. The roars of this Pokémon send shock waves shuddering through the air and shake the ground as if lightning bolts had come crashing down.
244,II,Entei,Entei,fire,,Volcano Pokémon,,,2.1,198,3,20480,115,115,85,90,75,100,Pressure,,,Inner Focus,1,0.5,2,1,0.5,0.5,1,1,2,1,1,0.5,2,1,1,1,0.5,0.5,1,0,0,Entei,,,,,,,,,,Entei embodies the passion of magma. This Pokémon is thought to have been born in the eruption of a volcano. It sends up massive bursts of fire that utterly consume all that they touch.
245,II,Suicune,Suicune,water,,Aurora Pokémon,,,2,187,3,20480,100,75,115,90,115,85,Pressure,,,Inner Focus,1,0.5,0.5,2,2,0.5,1,1,1,1,1,1,1,1,1,1,0.5,1,1,0,0,Suicune,,,,,,,,,,Suicune embodies the compassion of a pure spring of water. It runs across the land with gracefulness. This Pokémon has the power to purify dirty water.
246,II,Larvitar,Yogiras,rock,ground,Rock Skin Pokémon,50.2,49.8,0.6,72,45,10240,50,64,50,45,50,41,Guts,,,Sand Veil,0.5,0.5,4,0,4,2,2,0.25,2,0.5,1,1,0.5,1,1,1,2,1,0,0,0,Larvitar,Level ,Pupitar,Level ,Tyranitar,,,,,,"Born deep underground, it comes aboveground and becomes a pupa once it has finished eating the surrounding soil."
247,II,Pupitar,Sanagiras,rock,ground,Hard Shell Pokémon,50.2,49.8,1.2,152,45,10240,70,84,70,65,70,51,Shed Skin,,,,0.5,0.5,4,0,4,2,2,0.25,2,0.5,1,1,0.5,1,1,1,2,1,0,0,0,Larvitar,Level ,Pupitar,Level ,Tyranitar,,,,,,"Even sealed in its shell, it can move freely. Hard and fast, it has outstanding destructive power."
248,II,Tyranitar,Bangiras,rock,dark,Armor Pokémon,50.2,49.8,2,202,45,10240,100,134,110,95,100,61,Sand Stream,,,Unnerve,0.5,0.5,2,1,2,1,4,0.5,2,0.5,0,2,1,0.5,1,0.5,2,2,0,0,0,Larvitar,Level ,Pupitar,Level ,Tyranitar,,,,Mega Tyranitar,,"Its body can’t be harmed by any sort of attack, so it is very eager to make challenges against enemies."
249,II,Lugia,Lugia,psychic,flying,Diving Pokémon,,,5.2,216,3,30720,106,90,130,90,154,110,Pressure,,,Multiscale,1,1,1,2,0.5,2,0.25,1,0,1,0.5,1,2,2,1,2,1,1,0,1,0,Lugia,,,,,,,,,,"Lugia’s wings pack devastating power—a light fluttering of its wings can blow apart regular houses. As a result, this Pokémon chooses to live out of sight deep under the sea."
250,II,Ho-Oh,Houou,fire,flying,Rainbow Pokémon,,,3.8,199,3,30720,106,130,90,110,154,90,Pressure,,,Regenerator,1,0.5,2,2,0.25,1,0.5,1,0,1,1,0.25,4,1,1,1,0.5,0.5,0,1,0,Ho-Oh,,,,,,,,,,Ho-Oh’s feathers glow in seven colors depending on the angle at which they are struck by light. These feathers are said to bring happiness to the bearers. This Pokémon is said to live at the foot of a rainbow.
251,II,Celebi,Celebi,psychic,grass,Time Travel Pokémon,,,0.6,5,45,30720,100,100,100,100,100,100,Natural Cure,,,,1,2,0.5,0.5,0.5,2,0.5,2,0.5,2,0.5,4,1,2,1,2,1,1,0,0,1,Celebi,,,,,,,,,,"This Pokémon came from the future by crossing over time. It is thought that so long as Celebi appears, a bright and shining future awaits us."
252,III,Treecko,Kimori,grass,,Wood Gecko Pokémon,88.14,11.86,0.5,5,45,5120,40,45,35,65,55,70,Overgrow,,,Unburden,1,2,0.5,0.5,0.5,2,1,2,0.5,2,1,2,1,1,1,1,1,1,0,0,0,Treecko,Level ,Grovyle,Level ,Sceptile,,,,,,Treecko has small hooks on the bottom of its feet that enable it to scale vertical walls. This Pokémon attacks by slamming foes with its thick tail.
253,III,Grovyle,Juptile,grass,,Wood Gecko Pokémon,88.14,11.86,0.9,21.6,45,5120,50,65,45,85,65,95,Overgrow,,,Unburden,1,2,0.5,0.5,0.5,2,1,2,0.5,2,1,2,1,1,1,1,1,1,0,0,0,Treecko,Level ,Grovyle,Level ,Sceptile,,,,,,The leaves growing out of Grovyle’s body are convenient for camouflaging it from enemies in the forest. This Pokémon is a master at climbing trees in jungles.
254,III,Sceptile,Jukain,grass,,Forest Pokémon,88.14,11.86,1.7,52.2,45,5120,70,85,65,105,85,120,Overgrow,,,Unburden,1,2,0.5,0.5,0.5,2,1,2,0.5,2,1,2,1,1,1,1,1,1,0,0,0,Treecko,Level ,Grovyle,Level ,Sceptile,,,,Mega Sceptile,,The leaves growing on Sceptile’s body are very sharp edged. This Pokémon is very agile—it leaps all over the branches of trees and jumps on its foe from above or behind.
255,III,Torchic,Achamo,fire,,Chick Pokémon,88.14,11.86,0.4,2.5,45,5120,45,60,40,70,50,45,Blaze,,,Speed Boost,1,0.5,2,1,0.5,0.5,1,1,2,1,1,0.5,2,1,1,1,0.5,0.5,0,0,0,Torchic,Level ,Combusken,Level ,Blaziken,,,,,,"Torchic sticks with its Trainer, following behind with unsteady steps. This Pokémon breathes fire of over 1,800 degrees Fahrenheit, including fireballs that leave the foe scorched black."
256,III,Combusken,Wakasyamo,fire,fighting,Young Fowl Pokémon,88.14,11.86,0.9,19.5,45,5120,60,85,60,85,60,55,Blaze,,,Speed Boost,1,0.5,2,1,0.5,0.5,1,1,2,2,2,0.25,1,1,1,0.5,0.5,1,0,0,0,Torchic,Level ,Combusken,Level ,Blaziken,,,,,,"Combusken toughens up its legs and thighs by running through fields and mountains. This Pokémon’s legs possess both speed and power, enabling it to dole out 10 kicks in one second."
257,III,Blaziken,Bursyamo,fire,fighting,Blaze Pokémon,88.14,11.86,1.9,52,45,5120,80,120,70,110,70,80,Blaze,,,Speed Boost,1,0.5,2,1,0.5,0.5,1,1,2,2,2,0.25,1,1,1,0.5,0.5,1,0,0,0,Torchic,Level ,Combusken,Level ,Blaziken,,,,Mega Blaziken,,"In battle, Blaziken blows out intense flames from its wrists and attacks foes courageously. The stronger the foe, the more intensely this Pokémon’s wrists burn."
258,III,Mudkip,Mizugorou,water,,Mud Fish Pokémon,88.14,11.86,0.4,7.6,45,5120,50,70,50,50,50,40,Torrent,,,Damp,1,0.5,0.5,2,2,0.5,1,1,1,1,1,1,1,1,1,1,0.5,1,0,0,0,Mudkip,Level ,Marshtomp,Level ,Swampert,,,,,,"The fin on Mudkip’s head acts as highly sensitive radar. Using this fin to sense movements of water and air, this Pokémon can determine what is taking place around it without using its eyes."
259,III,Marshtomp,Numacraw,water,ground,Mud Fish Pokémon,88.14,11.86,0.7,28,45,5120,70,85,70,60,70,50,Torrent,,,Damp,1,0.5,1,0,4,1,1,0.5,1,1,1,1,0.5,1,1,1,0.5,1,0,0,0,Mudkip,Level ,Marshtomp,Level ,Swampert,,,,,,"The surface of Marshtomp’s body is enveloped by a thin, sticky film that enables it to live on land. This Pokémon plays in mud on beaches when the ocean tide is low."
260,III,Swampert,Laglarge,water,ground,Mud Fish Pokémon,88.14,11.86,1.5,81.9,45,5120,100,110,90,85,90,60,Torrent,,,Damp,1,0.5,1,0,4,1,1,0.5,1,1,1,1,0.5,1,1,1,0.5,1,0,0,0,Mudkip,Level ,Marshtomp,Level ,Swampert,,,,Mega Swampert,,Swampert is very strong. It has enough power to easily drag a boulder weighing more than a ton. This Pokémon also has powerful vision that lets it see even in murky water.
261,III,Poochyena,Pochiena,dark,,Bite Pokémon,50,50,0.5,13.6,255,3840,35,55,35,30,30,35,Run Away,Quick Feet,,Rattled,1,1,1,1,1,1,2,1,1,1,0,2,1,0.5,1,0.5,1,2,0,0,0,Poochyena,Level ,Mightyena,,,,,,,,"At first sight, Poochyena takes a bite at anything that moves. This Pokémon chases after prey until the victim becomes exhausted. However, it may turn tail if the prey strikes back."
262,III,Mightyena,Graena,dark,,Bite Pokémon,50,50,1,37,127,3840,70,90,70,60,60,70,Intimidate,Quick Feet,,Moxie,1,1,1,1,1,1,2,1,1,1,0,2,1,0.5,1,0.5,1,2,0,0,0,Poochyena,Level ,Mightyena,,,,,,,,Mightyena gives obvious signals when it is preparing to attack. It starts to growl deeply and then flattens its body. This Pokémon will bite savagely with its sharply pointed fangs.
263,III,Zigzagoon,Jiguzaguma,normal,dark,Tiny Racoon Pokémon,50.2,49.8,0.4,17.5,255,3840,38,30,41,30,41,60,Pickup,Gluttony,,Quick Feet,1,1,1,1,1,1,2,1,1,1,1,1,1,0,1,1,1,1,0,0,0,Zigzagoon,Level,Linoone,Level 35 at Night,,,,,,,It marks its territory by rubbing its bristly fur on trees. This variety of Zigzagoon is friendlier and calmer than the kind native to Galar.
264,III,Linoone,Massuguma,normal,dark,Rush Pokémon,50.2,49.8,0.5,32.5,90,3840,78,70,61,50,61,100,Pickup,Gluttony,,Quick Feet,1,1,1,1,1,1,2,1,1,1,1,1,1,0,1,1,1,1,0,0,0,Zigzagoon,Level,Linoone,Level 35 at Night,,,,,,,Its fur is strong and supple. Shaving brushes made with shed Linoone hairs are highly prized.
265,III,Wurmple,Kemusso,bug,,Worm Pokémon,50,50,0.3,3.6,255,3840,45,45,35,20,30,20,Shield Dust,,,Run Away,1,2,1,1,0.5,1,0.5,1,0.5,2,1,1,2,1,1,1,1,1,0,0,0,Wurmple,Personality < 5 at Level,Silcoon,Level,Beautifly,,,,,,"Using the spikes on its rear end, Wurmple peels the bark off trees and feeds on the sap that oozes out. This Pokémon’s feet are tipped with suction pads that allow it to cling to glass without slipping."
266,III,Silcoon,Karasalis,bug,,Cocoon Pokémon,50,50,0.6,10,120,3840,50,35,55,25,25,15,Shed Skin,,,,1,2,1,1,0.5,1,0.5,1,0.5,2,1,1,2,1,1,1,1,1,0,0,0,Wurmple,Personality < 5 at Level,Silcoon,Level,Beautifly,,,,,,"Silcoon tethers itself to a tree branch using silk to keep from falling. There, this Pokémon hangs quietly while it awaits evolution. It peers out of the silk cocoon through a small hole."
267,III,Beautifly,Agehunt,bug,flying,Butterfly Pokémon,50,50,1,28.4,45,3840,60,70,50,100,50,65,Swarm,,,Rivalry,1,2,1,2,0.25,2,0.25,1,0,2,1,0.5,4,1,1,1,1,1,0,0,0,Wurmple,Personality < 5 at Level,Silcoon,Level,Beautifly,,,,,,"Beautifly’s favorite food is the sweet pollen of flowers. If you want to see this Pokémon, just leave a potted flower by an open window. Beautifly is sure to come looking for pollen."
268,III,Cascoon,Mayuld,bug,,Cocoon Pokémon,50,50,0.7,11.5,120,3840,50,35,55,25,25,15,Shed Skin,,,,1,2,1,1,0.5,1,0.5,1,0.5,2,1,1,2,1,1,1,1,1,0,0,0,Wurmple,Personality < 5 at Level,Silcoon,Level,Beautifly,,,,,,"Cascoon makes its protective cocoon by wrapping its body entirely with a fine silk from its mouth. Once the silk goes around its body, it hardens. This Pokémon prepares for its evolution inside the cocoon."
269,III,Dustox,Dokucale,bug,poison,Poison Moth Pokémon,50,50,1.2,31.6,45,3840,60,50,70,50,90,65,Shield Dust,,,Compound Eyes,1,2,1,1,0.25,1,0.25,0.5,1,2,2,0.5,2,1,1,1,1,0.5,0,0,0,Wurmple,Personality < 5 at Level,Silcoon,Level,Beautifly,,,,,,"Dustox is instinctively drawn to light. Swarms of this Pokémon are attracted by the bright lights of cities, where they wreak havoc by stripping the leaves off roadside trees for food."
270,III,Lotad,Hassboh,water,grass,Water Weed Pokémon,50.2,49.8,0.5,2.6,255,3840,40,30,30,40,50,30,Swift Swim,Rain Dish,,Own Tempo,1,1,0.25,1,1,1,1,2,0.5,2,1,2,1,1,1,1,0.5,1,0,0,0,Lotad,Level ,Lombre,Use Water Stone,Ludicolo,,,,,,"It searches about for clean water. If it does not drink water for too long, the leaf on its head wilts."
271,III,Lombre,Hasubrero,water,grass,Jolly Pokémon,50.2,49.8,1.2,32.5,120,3840,60,50,50,60,70,50,Swift Swim,Rain Dish,,Own Tempo,1,1,0.25,1,1,1,1,2,0.5,2,1,2,1,1,1,1,0.5,1,0,0,0,Lotad,Level ,Lombre,Use Water Stone,Ludicolo,,,,,,It is nocturnal and becomes active at nightfall. It feeds on aquatic mosses that grow in the riverbed.
272,III,Ludicolo,Runpappa,water,grass,Carefree Pokémon,50.2,49.8,1.5,55,45,3840,80,70,70,90,100,70,Swift Swim,Rain Dish,,Own Tempo,1,1,0.25,1,1,1,1,2,0.5,2,1,2,1,1,1,1,0.5,1,0,0,0,Lotad,Level ,Lombre,Use Water Stone,Ludicolo,,,,,,"The rhythm of bright, festive music activates Ludicolo’s cells, making it more powerful."
273,III,Seedot,Taneboh,grass,,Acorn Pokémon,50.2,49.8,0.5,4,255,3840,40,40,50,30,30,30,Chlorophyll,Early Bird,,Pickpocket,1,2,0.5,0.5,0.5,2,1,2,0.5,2,1,2,1,1,1,1,1,1,0,0,0,Seedot,Level ,Nuzleaf,Use Leaf Stone,Shiftry,,,,,,"If it remains still, it looks just like a real nut. It delights in surprising foraging Pokémon."
274,III,Nuzleaf,Konohana,grass,dark,Wily Pokémon,50.2,49.8,1,28,120,3840,70,70,40,60,40,60,Chlorophyll,Early Bird,,Pickpocket,1,2,0.5,0.5,0.5,2,2,2,0.5,2,0,4,1,0.5,1,0.5,1,2,0,0,0,Seedot,Level ,Nuzleaf,Use Leaf Stone,Shiftry,,,,,,"It lives deep in forests. With the leaf on its head, it makes a flute whose song makes listeners uneasy."
275,III,Shiftry,Dirteng,grass,dark,Wickid Pokémon,50.2,49.8,1.3,59.6,45,3840,90,100,60,90,60,80,Chlorophyll,Early Bird,,Pickpocket,1,2,0.5,0.5,0.5,2,2,2,0.5,2,0,4,1,0.5,1,0.5,1,2,0,0,0,Seedot,Level ,Nuzleaf,Use Leaf Stone,Shiftry,,,,,,A Pokémon that was feared as a forest guardian. It can read the foe’s mind and take preemptive action.
276,III,Taillow,Subame,normal,flying,TinySwallow Pokémon,50,50,0.3,2.3,200,3840,40,55,30,30,30,85,Guts,,,Scrappy,1,1,1,2,0.5,2,1,1,0,1,1,0.5,2,0,1,1,1,1,0,0,0,Taillow,Level ,Swellow,,,,,,,,"Taillow courageously stands its ground against foes, however strong they may be. This gutsy Pokémon will remain defiant even after a loss. On the other hand, it cries loudly if it becomes hungry."
277,III,Swellow,Ohsubame,normal,flying,Swallow Pokémon,50,50,0.7,19.8,45,3840,60,85,60,75,50,125,Guts,,,Scrappy,1,1,1,2,0.5,2,1,1,0,1,1,0.5,2,0,1,1,1,1,0,0,0,Taillow,Level ,Swellow,,,,,,,,"Swellow flies high above our heads, making graceful arcs in the sky. This Pokémon dives at a steep angle as soon as it spots its prey. The hapless prey is tightly grasped by Swellow’s clawed feet, preventing escape."
278,III,Wingull,Camome,water,flying,Seagull Pokémon,50.2,49.8,0.6,9.5,190,5120,40,30,30,55,30,85,Keen Eye,Hydration,,Rain Dish,1,0.5,0.5,4,1,1,0.5,1,0,1,1,0.5,2,1,1,1,0.5,1,0,0,0,Wingull,Level ,Pelipper,,,,,,,,"It makes its nest on sheer cliffs. Riding the sea breeze, it glides up into the expansive skies."
279,III,Pelipper,Pelipper,water,flying,Water Bird Pokémon,50.2,49.8,1.2,28,45,5120,60,50,100,95,70,65,Keen Eye,Drizzle,,Rain Dish,1,0.5,0.5,4,1,1,0.5,1,0,1,1,0.5,2,1,1,1,0.5,1,0,0,0,Wingull,Level ,Pelipper,,,,,,,,"It is a messenger of the skies, carrying small Pokémon and eggs to safety in its bill."
280,III,Ralts,Ralts,psychic,fairy,Feeling Pokémon,50.2,49.8,0.4,6.6,235,5120,28,25,25,45,35,40,Synchronize,Trace,,Telepathy,1,1,1,1,1,1,0.25,2,1,1,0.5,1,1,2,0,1,2,1,0,0,0,Ralts,Level,Kirlia,Level,Gardevoir,"On Male Pokémon, use Dawn Stone",Gallade,,,,It is highly attuned to the emotions of people and Pokémon. It hides if it senses hostility.
281,III,Kirlia,Kirlia,psychic,fairy,Emotion Pokémon,50.2,49.8,0.8,20.2,120,5120,38,35,35,65,55,50,Synchronize,Trace,,Telepathy,1,1,1,1,1,1,0.25,2,1,1,0.5,1,1,2,0,1,2,1,0,0,0,Ralts,Level,Kirlia,Level,Gardevoir,"On Male Pokémon, use Dawn Stone",Gallade,,,,"If its Trainer becomes happy, it overflows with energy, dancing joyously while spinning about."
282,III,Gardevoir,Sirnight,psychic,fairy,Embrace Pokémon,50.2,49.8,1.6,48.4,45,5120,68,65,65,125,115,80,Synchronize,Trace,,Telepathy,1,1,1,1,1,1,0.25,2,1,1,0.5,1,1,2,0,1,2,1,0,0,0,Ralts,Level,Kirlia,Level,Gardevoir,,,,Mega Gardevoir,,It has the power to predict the future. Its power peaks when it is protecting its Trainer.
283,III,Surskit,Ametama,bug,water,Pond Skater Pokémon,50,50,0.5,1.7,200,3840,40,30,32,50,52,65,Swift Swim,,,Rain Dish,1,1,0.5,2,1,0.5,0.5,1,0.5,2,1,1,2,1,1,1,0.5,1,0,0,0,Surskit,Level ,Masquerain,,,,,,,,"If it’s in a pinch, it will secrete a sweet liquid from the tip of its head. Syrup made from gathering that liquid is tasty on bread."
284,III,Masquerain,Amemoth,bug,flying,Eyeball Pokémon,50,50,0.8,3.6,75,3840,70,60,62,100,82,80,Intimidate,,,Unnerve,1,2,1,2,0.25,2,0.25,1,0,2,1,0.5,4,1,1,1,1,1,0,0,0,Surskit,Level ,Masquerain,,,,,,,,"Masquerain intimidates enemies with the eyelike patterns of its eyespots. If that doesn’t work, it deftly makes its escape on its set of four wings."
285,III,Shroomish,Kinococo,grass,,Mushroom Pokémon,50,50,0.4,4.5,255,3840,60,40,60,40,60,35,Effect Spore,Poison Heal,,Quick Feet,1,2,0.5,0.5,0.5,2,1,2,0.5,2,1,2,1,1,1,1,1,1,0,0,0,Shroomish,Level ,Breloom,,,,,,,,"Shroomish live in damp soil in the dark depths of forests. They are often found keeping still under fallen leaves. This Pokémon feeds on compost that is made up of fallen, rotted leaves."
286,III,Breloom,Kinogassa,grass,fighting,Mushroom Pokémon,50,50,1.2,39.2,90,3840,60,130,80,60,60,70,Effect Spore,Poison Heal,,Technician,1,2,0.5,0.5,0.5,2,1,2,0.5,4,2,1,0.5,1,1,0.5,1,2,0,0,0,Shroomish,Level ,Breloom,,,,,,,,"Breloom closes in on its foe with light and sprightly footwork, then throws punches with its stretchy arms. This Pokémon’s fighting technique puts boxers to shame."
287,III,Slakoth,Namakero,normal,,Slacker Pokémon,50,50,0.8,24,255,3840,60,60,60,35,35,30,Truant,,,,1,1,1,1,1,1,2,1,1,1,1,1,1,0,1,1,1,1,0,0,0,Slakoth,Level ,Vigoroth,Level ,Slaking,,,,,,"Slakoth lolls around for over 20 hours every day. Because it moves so little, it does not need much food. This Pokémon’s sole daily meal consists of just three leaves."
288,III,Vigoroth,Yarukimono,normal,,Wild Monkey Pokémon,50,50,1.4,46.5,120,3840,80,80,80,55,55,90,Vital Spirit,,,,1,1,1,1,1,1,2,1,1,1,1,1,1,0,1,1,1,1,0,0,0,Slakoth,Level ,Vigoroth,Level ,Slaking,,,,,,Vigoroth is always itching and agitated to go on a wild rampage. It simply can’t tolerate sitting still for even a minute. This Pokémon’s stress level rises if it can’t be moving constantly.
289,III,Slaking,Kekking,normal,,Lazy Pokémon,50,50,2,130.5,45,3840,150,160,100,95,65,100,Truant,,,,1,1,1,1,1,1,2,1,1,1,1,1,1,0,1,1,1,1,0,0,0,Slakoth,Level ,Vigoroth,Level ,Slaking,,,,,,"Slaking spends all day lying down and lolling about. It eats grass growing within its reach. If it eats all the grass it can reach, this Pokémon reluctantly moves to another spot."
290,III,Nincada,Tutinin,bug,ground,Trainee Pokémon,50.2,49.8,0.5,5.5,255,3840,31,45,90,30,30,40,Compoundeyes,,,Run Away,1,2,2,0,1,2,0.5,0.5,0.5,2,1,1,1,1,1,1,1,1,0,0,0,Nincada,Level,Ninjask,Empty Slot in PartyLevel,Shedinja,,,,,,"Because it lived almost entirely underground, it is nearly blind. It uses its antennae instead."
291,III,Ninjask,Tekkanin,bug,flying,Ninja Pokémon,50.2,49.8,0.8,12,120,3840,61,90,45,50,50,160,Speed Boost,,,Infiltrator,1,2,1,2,0.25,2,0.25,1,0,2,1,0.5,4,1,1,1,1,1,0,0,0,Nincada,Level,Ninjask,Empty Slot in PartyLevel,Shedinja,,,,,,Its cry leaves a lasting headache if heard for too long. It moves so quickly that it is almost invisible.
292,III,Shedinja,Nukenin,bug,ghost,Shed Pokémon,,,0.8,1.2,45,3840,1,90,45,30,30,40,Wonder Guard,,,,0,2,1,1,0.5,1,0,0.5,0.5,2,1,0.5,2,2,1,2,1,1,0,0,0,Nincada,Level,Ninjask,Empty Slot in PartyLevel,Shedinja,,,,,,A most peculiar Pokémon that somehow appears in a Poké Ball when a Nincada evolves.
293,III,Whismur,Gonyonyo,normal,,Whisper Pokémon,50.2,49.8,0.6,16.3,190,5120,64,51,23,51,23,28,Soundproof,,,Rattled,1,1,1,1,1,1,2,1,1,1,1,1,1,0,1,1,1,1,0,0,0,Whismur,Level ,Loudred,Level ,Exploud,,,,,,"The cry of a Whismur is over 100 decibels. If you’re close to a Whismur when it lets out a cry, you’ll be stuck with an all-day headache."
294,III,Loudred,Dogohmb,normal,,Big Voice Pokémon,50.2,49.8,1,40.5,120,5120,84,71,43,71,43,48,Soundproof,,,Scrappy,1,1,1,1,1,1,2,1,1,1,1,1,1,0,1,1,1,1,0,0,0,Whismur,Level ,Loudred,Level ,Exploud,,,,,,"Loudred’s ears serve as speakers, and they can put out sound waves powerful enough to blow away a house."
295,III,Exploud,Bakuong,normal,,Loud Noise Pokémon,50.2,49.8,1.5,84,45,5120,104,91,63,91,73,68,Soundproof,,,Scrappy,1,1,1,1,1,1,2,1,1,1,1,1,1,0,1,1,1,1,0,0,0,Whismur,Level ,Loudred,Level ,Exploud,,,,,,"In the past, people would use the loud voices of these Pokémon as a means of communication between distant cities."
296,III,Makuhita,Makunoshita,fighting,,Guts Pokémon,75.4,24.6,1,86.4,180,5120,72,60,30,20,30,25,Thick Fat,Guts,,Sheer Force,1,1,1,1,1,1,1,1,1,2,2,0.5,0.5,1,1,0.5,1,2,0,0,0,Makuhita,Level ,Hariyama,,,,,,,,It practices its slaps by repeatedly slapping tree trunks. It has been known to slap an Exeggutor and get flung away.
297,III,Hariyama,Hariteyama,fighting,,Arm Thrust Pokémon,75.4,24.6,2.3,253.8,200,5120,144,120,60,40,60,50,Thick Fat,Guts,,Sheer Force,1,1,1,1,1,1,1,1,1,2,2,0.5,0.5,1,1,0.5,1,2,0,0,0,Makuhita,Level ,Hariyama,,,,,,,,"Although they enjoy comparing their strength, they’re also kind. They value etiquette, praising opponents they battle."
298,III,Azurill,Ruriri,normal,fairy,Polka Dot Pokémon,24.9,75.1,0.2,2,150,2560,50,20,40,20,40,20,Thick Fat,Huge Power,,Sap Sipper,1,1,1,1,1,1,1,2,1,1,1,0.5,1,0,0,0.5,2,1,0,0,0,Azurill,Level Up with Happiness Value at 220,Marill,Level ,Azumarill,,,,,,"The ball on Azurill’s tail bounces like a rubber ball, and it’s full of the nutrients the Pokémon needs to grow."
299,III,Nosepass,Nosepass,rock,,Compass Pokémon,50,50,1,97,255,5120,30,45,135,45,90,30,Sturdy,Magnet Pull,,Sand Force,0.5,0.5,2,1,2,1,2,0.5,2,0.5,1,1,1,1,1,1,2,1,0,0,0,Nosepass,Level up while at Blush Mountain/Vast Poni Canyon,Probopass,,,,,,,,"It moves less than an inch a year, but when it’s in a jam, it will spin and drill down into the ground in a split second."
300,III,Skitty,Eneco,normal,,Kitten Pokémon,24.6,75.4,0.6,11,255,3840,50,45,45,35,35,50,Cute Charm,Normalize,,Wonder Skin,1,1,1,1,1,1,2,1,1,1,1,1,1,0,1,1,1,1,0,0,0,Skitty,Use Moon Stone,Delcatty,,,,,,,,Skitty has the habit of becoming fascinated by moving objects and chasing them around. This Pokémon is known to chase after its own tail and become dizzy.
301,III,Delcatty,Enekororo,normal,,Prim Pokémon,24.6,75.4,1.1,32.6,60,3840,70,65,65,55,55,90,Cute Charm,Normalize,,Wonder Skin,1,1,1,1,1,1,2,1,1,1,1,1,1,0,1,1,1,1,0,0,0,Skitty,Use Moon Stone,Delcatty,,,,,,,,"Delcatty prefers to live an unfettered existence in which it can do as it pleases at its own pace. Because this Pokémon eats and sleeps whenever it decides, its daily routines are completely random."
302,III,Sableye,Yamirami,dark,ghost,Darkness Pokémon,50.2,49.8,0.5,11,45,6400,50,75,75,65,65,50,Keen Eye,Stall,,Prankster,0,1,1,1,1,1,0,0.5,1,1,0,1,1,1,1,1,1,2,0,0,0,Sableye,,,,,,,,Mega Sableye,,"This Pokémon is feared. When its gemstone eyes begin to glow with a sinister shine, it’s believed that Sableye will steal people’s spirits away."
303,III,Mawile,Kucheat,steel,fairy,Deceiver Pokémon,50.2,49.8,0.6,11.5,45,5120,50,85,85,55,55,50,Hyper Cutter,Intimidate,,Sheer Force,0.5,2,1,1,0.5,0.5,1,0,2,0.5,0.5,0.25,0.5,1,0,0.5,1,0.5,0,0,0,Mawile,,,,,,,,Mega Mawile,,"It uses its docile-looking face to lull foes into complacency, then bites with its huge, relentless jaws."
304,III,Aron,Cokodora,steel,rock,Iron Armor Pokémon,50.2,49.8,0.4,60,180,8960,50,70,100,40,40,30,Sturdy,Rock Head,,Heavy Metal,0.25,1,2,1,1,0.5,4,0,4,0.25,0.5,0.5,0.5,1,0.5,1,1,0.5,0,0,0,Aron,Level ,Lairon,Level ,Aggron,,,,,,It eats iron ore—and sometimes railroad tracks— to build up the steel armor that protects its body.
305,III,Lairon,Kodora,steel,rock,Iron Armor Pokémon,50.2,49.8,0.9,120,90,8960,60,90,140,50,50,40,Sturdy,Rock Head,,Heavy Metal,0.25,1,2,1,1,0.5,4,0,4,0.25,0.5,0.5,0.5,1,0.5,1,1,0.5,0,0,0,Aron,Level ,Lairon,Level ,Aggron,,,,,,"Lairon live in mountains brimming with spring water and iron ore, so these Pokémon often came into conflict with humans in the past."
306,III,Aggron,Bossgodora,steel,rock,Iron Armor Pokémon,50.2,49.8,2.1,360,45,8960,70,110,180,60,60,50,Sturdy,Rock Head,,Heavy Metal,0.25,1,2,1,1,0.5,4,0,4,0.25,0.5,0.5,0.5,1,0.5,1,1,0.5,0,0,0,Aron,Level ,Lairon,Level ,Aggron,,,,Mega Aggron,,Aggron has a horn sharp enough to perforate thick iron sheets. It brings down its opponents by ramming into them horn first.
307,III,Meditite,Asanan,fighting,psychic,Meditate Pokémon,50,50,0.6,11.2,180,5120,30,40,55,40,55,60,Pure Power,,,Telepathy,1,1,1,1,1,1,0.5,1,1,2,1,1,0.5,2,1,1,1,2,0,0,0,Meditite,Level ,Medicham,,,,,,,,"Meditite undertakes rigorous mental training deep in the mountains. However, whenever it meditates, this Pokémon always loses its concentration and focus. As a result, its training never ends."
308,III,Medicham,Charem,fighting,psychic,Meditate Pokémon,50,50,1.3,31.5,90,5120,60,60,75,60,75,80,Pure Power,,,Telepathy,1,1,1,1,1,1,0.5,1,1,2,1,1,0.5,2,1,1,1,2,0,0,0,Meditite,Level ,Medicham,,,,,,Mega Medicham,,"It is said that through meditation, Medicham heightens energy inside its body and sharpens its sixth sense. This Pokémon hides its presence by merging itself with fields and mountains."
309,III,Electrike,Rakurai,electric,,Lightning Pokémon,50.2,49.8,0.6,15.2,120,5120,40,45,40,65,40,65,Static,Lightning Rod,,Minus,1,1,1,0.5,1,1,1,1,2,0.5,1,1,1,1,1,1,0.5,1,0,0,0,Electrike,Level ,Manectric,,,,,,,,It stores static electricity in its fur for discharging. It gives off sparks if a storm approaches.
310,III,Manectric,Livolt,electric,,Discharge Pokémon,50.2,49.8,1.5,40.2,45,5120,70,75,60,105,60,105,Static,Lightning Rod,,Minus,1,1,1,0.5,1,1,1,1,2,0.5,1,1,1,1,1,1,0.5,1,0,0,0,Electrike,Level ,Manectric,,,,,,Mega Manectric,,"It stimulates its own muscles with electricity, so it can move quickly. It eases its soreness with electricity, too, so it can recover quickly as well."
311,III,Plusle,Prasle,electric,,Cheering Pokémon,50,50,0.4,4.2,200,5120,60,50,40,85,75,95,Plus,,,Lightning Rod,1,1,1,0.5,1,1,1,1,2,0.5,1,1,1,1,1,1,0.5,1,0,0,0,Plusle,,,,,,,,,,"Plusle always acts as a cheerleader for its partners. Whenever a teammate puts out a good effort in battle, this Pokémon shorts out its body to create the crackling noises of sparks to show its joy."
312,III,Minun,Minun,electric,,Cheering Pokémon,50,50,0.4,4.2,200,5120,60,40,50,75,85,95,Minus,,,Volt Absorb,1,1,1,0.5,1,1,1,1,2,0.5,1,1,1,1,1,1,0.5,1,0,0,0,Minun,,,,,,,,,,Minun is more concerned about cheering on its partners than its own safety. It shorts out the electricity in its body to create brilliant showers of sparks to cheer on its teammates.
313,III,Volbeat,Barubeat,bug,,Firefly Pokémon,100,0,0.7,17.7,150,3840,65,73,75,47,85,85,Illuminate,Swarm,,Prankster,1,2,1,1,0.5,1,0.5,1,0.5,2,1,1,2,1,1,1,1,1,0,0,0,Egg,When Male,Volbeat,,,,,,,,"With the arrival of night, Volbeat emits light from its tail. It communicates with others by adjusting the intensity and flashing of its light. This Pokémon is attracted by the sweet aroma of Illumise."
314,III,Illumise,Illumise,bug,,Firefly Pokémon,0,100,0.6,17.7,150,3840,65,47,75,73,85,85,Oblivious,Tinted Lens,,Prankster,1,2,1,1,0.5,1,0.5,1,0.5,2,1,1,2,1,1,1,1,1,0,0,0,Egg,When Female,Illumise,,,,,,,,"Illumise attracts a swarm of Volbeat using a sweet fragrance. Once the Volbeat have gathered, this Pokémon leads the lit-up swarm in drawing geometric designs on the canvas of the night sky."
315,III,Roselia,Roselia,grass,poison,Thorn Pokémon,50.2,49.8,0.3,2,150,5120,50,60,45,100,80,65,Natural Cure,Poison Point,,Leaf Guard,1,2,0.5,0.5,0.25,2,0.5,1,1,2,2,1,1,1,1,1,1,0.5,0,0,0,Budew,Level Up with Happiness Value at 220 During the Day,Roselia,Use Shiny Stone,Roserade,,,,,,"Its flowers give off a relaxing fragrance. The stronger its aroma, the healthier the Roselia is."
316,III,Gulpin,Gokulin,poison,,Stomach Pokémon,50,50,0.4,10.3,225,5120,70,43,53,43,53,40,Liquid Ooze,Sticky Hold,,Gluttony,1,1,1,1,0.5,1,0.5,0.5,2,1,2,0.5,1,1,1,1,1,0.5,0,0,0,Gulpin,Level ,Swalot,,,,,,,,"Virtually all of Gulpin’s body is its stomach. As a result, it can swallow something its own size. This Pokémon’s stomach contains a special fluid that digests anything."
317,III,Swalot,Marunoom,poison,,Poison Bag Pokémon,50,50,1.7,80,75,5120,100,73,83,73,83,55,Liquid Ooze,Sticky Hold,,Gluttony,1,1,1,1,0.5,1,0.5,0.5,2,1,2,0.5,1,1,1,1,1,0.5,0,0,0,Gulpin,Level ,Swalot,,,,,,,,"When Swalot spots prey, it spurts out a hideously toxic fluid from its pores and sprays the target. Once the prey has weakened, this Pokémon gulps it down whole with its cavernous mouth."
318,III,Carvanha,Kibanha,water,dark,Savage Pokémon,50.2,49.8,0.8,20.8,225,5120,45,90,20,65,20,65,Rough Skin,,,Speed Boost,1,0.5,0.5,2,2,0.5,2,1,1,1,0,2,1,0.5,1,0.5,0.5,2,0,0,0,Carvanha,Level ,Sharpedo,,,,,,,,"It won’t attack while it’s alone—not even if it spots prey. Instead, it waits for other Carvanha to join it, and then the Pokémon attack as a group."
319,III,Sharpedo,Samehader,water,dark,Brutal Pokémon,50.2,49.8,1.8,88.8,60,5120,70,120,40,95,40,95,Rough Skin,,,Speed Boost,1,0.5,0.5,2,2,0.5,2,1,1,1,0,2,1,0.5,1,0.5,0.5,2,0,0,0,Carvanha,Level ,Sharpedo,,,,,,Mega Sharpedo,,"As soon as it catches the scent of prey, Sharpedo will jet seawater from its backside, hurtling toward the target to attack at 75 mph."
320,III,Wailmer,Hoeruko,water,,Ball Whale Pokémon,50.2,49.8,2,130,125,10240,130,70,35,70,35,60,Water Veil,Oblivious,,Pressure,1,0.5,0.5,2,2,0.5,1,1,1,1,1,1,1,1,1,1,0.5,1,0,0,0,Wailmer,Level ,Wailord,,,,,,,,It shows off by spraying jets of seawater from the nostrils above its eyes. It eats a solid ton of Wishiwashi every day.
321,III,Wailord,Whaloh,water,,Float Whale Pokémon,50.2,49.8,14.5,398,60,10240,170,90,45,90,45,60,Water Veil,Oblivious,,Pressure,1,0.5,0.5,2,2,0.5,1,1,1,1,1,1,1,1,1,1,0.5,1,0,0,0,Wailmer,Level ,Wailord,,,,,,,,It can sometimes knock out opponents with the shock created by breaching and crashing its big body onto the water.
322,III,Numel,Donmel,fire,ground,Numb Pokémon,50,50,0.7,24,255,5120,60,60,40,65,45,35,Oblivious,Simple,,Own Tempo,1,0.5,4,0,1,1,1,0.5,2,1,1,0.5,1,1,1,1,0.5,0.5,0,0,0,Numel,Level ,Camerupt,,,,,,,,"Numel is extremely dull witted—it doesn’t notice being hit. However, it can’t stand hunger for even a second. This Pokémon’s body is a seething cauldron of boiling magma."
323,III,Camerupt,Bakuuda,fire,ground,Eruption Pokémon,50,50,1.9,220,150,5120,70,100,70,105,75,40,Magma Armor,Solid Rock,,Anger Point,1,0.5,4,0,1,1,1,0.5,2,1,1,0.5,1,1,1,1,0.5,0.5,0,0,0,Numel,Level ,Camerupt,,,,,,Mega Camerupt,,"Camerupt has a volcano inside its body. Magma of 18,000 degrees Fahrenheit courses through its body. Occasionally, the humps on this Pokémon’s back erupt, spewing the superheated magma."
324,III,Torkoal,Cotoise,fire,,Coal Pokémon,50.2,49.8,0.5,80.4,90,5120,70,85,140,85,70,20,White Smoke,Drought,,Shell Armor,1,0.5,2,1,0.5,0.5,1,1,2,1,1,0.5,2,1,1,1,0.5,0.5,0,0,0,Torkoal,,,,,,,,,,It burns coal inside its shell for energy. It blows out black soot if it is endangered.
325,III,Spoink,Baneboo,psychic,,Bounce Pokémon,50,50,0.7,30.6,255,5120,60,25,35,70,80,60,Thick Fat,Own Tempo,,Gluttony,1,1,1,1,1,1,0.5,1,1,1,0.5,2,1,2,1,2,1,1,0,0,0,Spoink,Level ,Grumpig,,,,,,,,"Spoink bounces around on its tail. The shock of its bouncing makes its heart pump. As a result, this Pokémon cannot afford to stop bouncing—if it stops, its heart will stop."
326,III,Grumpig,Boopig,psychic,,Manipulate Pokémon,50,50,0.9,71.5,60,5120,80,45,65,90,110,80,Thick Fat,Own Tempo,,Gluttony,1,1,1,1,1,1,0.5,1,1,1,0.5,2,1,2,1,2,1,1,0,0,0,Spoink,Level ,Grumpig,,,,,,,,"Grumpig uses the black pearls on its body to amplify its psychic power waves for gaining total control over its foe. When this Pokémon uses its special power, its snorting breath grows labored."
327,III,Spinda,Patcheel,normal,,Spot Panda Pokémon,50,50,1.1,5,255,3840,60,60,60,60,60,60,Own Tempo,Tangled Feet,,Contrary,1,1,1,1,1,1,2,1,1,1,1,1,1,0,1,1,1,1,0,0,0,Spinda,,,,,,,,,,Its steps are shaky and stumbling. Walking for a long time makes it feel sick.
328,III,Trapinch,Nuckrar,ground,,Ant Pit Pokémon,50.2,49.8,0.7,15,255,5120,45,100,45,45,45,10,Hyper Cutter,Arena Trap,,Sheer Force,1,1,2,0,2,2,1,0.5,1,1,1,1,0.5,1,1,1,1,1,0,0,0,Trapinch,Level ,Vibrava,Level ,Flygon,,,,,,"Its nest is a sloped, bowl-like pit in the desert. Once something has fallen in, there is no escape."
329,III,Vibrava,Vibrava,ground,dragon,Vibration Pokémon,50.2,49.8,1.1,15.3,120,5120,50,70,50,50,50,70,Levitate,,,,1,0.5,1,0,1,4,1,0.5,1,1,1,1,0.5,1,2,1,1,2,0,0,0,Trapinch,Level ,Vibrava,Level ,Flygon,,,,,,The ultrasonic waves it generates by rubbing its two wings together cause severe headaches.
330,III,Flygon,Flygon,ground,dragon,Mystic Pokémon,50.2,49.8,2,82,45,5120,80,100,80,80,80,100,Levitate,,,,1,0.5,1,0,1,4,1,0.5,1,1,1,1,0.5,1,2,1,1,2,0,0,0,Trapinch,Level ,Vibrava,Level ,Flygon,,,,,,This Pokémon hides in the heart of sandstorms it creates and seldom appears where people can see it.
331,III,Cacnea,Sabonea,grass,,Cactus Pokémon,50,50,0.4,51.3,190,5120,50,85,40,85,40,35,Sand Veil,,,Water Absorb,1,2,0.5,0.5,0.5,2,1,2,0.5,2,1,2,1,1,1,1,1,1,0,0,0,Cacnea,Level ,Cacturne,,,,,,,,"Cacnea lives in arid locations such as deserts. It releases a strong aroma from its flower to attract prey. When prey comes near, this Pokémon shoots sharp thorns from its body to bring the victim down."
332,III,Cacturne,Noctus,grass,dark,Scarecrow Pokémon,50,50,1.3,77.4,60,5120,70,115,60,115,60,55,Sand Veil,,,Water Absorb,1,2,0.5,0.5,0.5,2,2,2,0.5,2,0,4,1,0.5,1,0.5,1,2,0,0,0,Cacnea,Level ,Cacturne,,,,,,,,"During the daytime, Cacturne remains unmoving so that it does not lose any moisture to the harsh desert sun. This Pokémon becomes active at night when the temperature drops."
333,III,Swablu,Tyltto,normal,flying,Cotton Bird Pokémon,50.2,49.8,0.4,1.2,255,5120,45,40,60,40,75,50,Natural Cure,,,Cloud Nine,1,1,1,2,0.5,2,1,1,0,1,1,0.5,2,0,1,1,1,1,0,0,0,Swablu,Level ,Altaria,,,,,,,,"Its cottony wings are full of air, making them light and fluffy to the touch. Swablu takes diligent care of its wings."
334,III,Altaria,Tyltalis,dragon,flying,Humming Pokémon,50.2,49.8,1.1,20.6,45,5120,75,70,90,70,105,80,Natural Cure,,,Cloud Nine,1,0.5,0.5,1,0.25,4,0.5,1,0,1,1,0.5,2,1,2,1,1,2,0,0,0,Swablu,Level ,Altaria,,,,,,Mega Altaria,,"As it flies in a calm and relaxed manner, Altaria performs a humming song that would enrapture any audience."
335,III,Zangoose,Zangoose,normal,,Cat Ferret Pokémon,50,50,1.3,40.3,90,5120,73,115,60,60,60,90,Immunity,,,Toxic Boost,1,1,1,1,1,1,2,1,1,1,1,1,1,0,1,1,1,1,0,0,0,Zangoose,,,,,,,,,,Memories of battling its archrival Seviper are etched into every cell of Zangoose’s body. This Pokémon adroitly dodges attacks with incredible agility.
336,III,Seviper,Habunake,poison,,Fang Snake Pokémon,50,50,2.7,52.5,90,5120,73,100,60,100,60,65,Shed Skin,,,Infiltrator,1,1,1,1,0.5,1,0.5,0.5,2,1,2,0.5,1,1,1,1,1,0.5,0,0,0,Seviper,,,,,,,,,,Seviper shares a generations-long feud with Zangoose. The scars on its body are evidence of vicious battles. This Pokémon attacks using its sword-edged tail.
337,III,Lunatone,Lunatone,rock,psychic,Meteorite Pokémon,,,1,168,45,6400,90,55,65,95,85,70,Levitate,,,,0.5,0.5,2,1,2,1,1,0.5,2,0.5,0.5,2,1,2,1,2,2,1,0,0,0,Lunatone,,,,,,,,,,The phase of the moon apparently has some effect on its power. It’s active on the night of a full moon.
338,III,Solrock,Solrock,rock,psychic,Meteorite Pokémon,,,1.2,154,45,6400,90,95,85,55,65,70,Levitate,,,,0.5,0.5,2,1,2,1,1,0.5,2,0.5,0.5,2,1,2,1,2,2,1,0,0,0,Solrock,,,,,,,,,,"When it rotates itself, it gives off light similar to the sun, thus blinding its foes."
339,III,Barboach,Dojoach,water,ground,Whiskers Pokémon,50.2,49.8,0.4,1.9,190,5120,50,48,43,46,41,60,Oblivious,Anticipation,,Hydration,1,0.5,1,0,4,1,1,0.5,1,1,1,1,0.5,1,1,1,0.5,1,0,0,0,Barboach,Level ,Whiscash,,,,,,,,"Its slimy body is hard to grasp. In one region, it is said to have been born from hardened mud."
340,III,Whiscash,Namazun,water,ground,Whiskers Pokémon,50.2,49.8,0.9,23.6,75,5120,110,78,73,76,71,60,Oblivious,Anticipation,,Hydration,1,0.5,1,0,4,1,1,0.5,1,1,1,1,0.5,1,1,1,0.5,1,0,0,0,Barboach,Level ,Whiscash,,,,,,,,"It makes its nest at the bottom of swamps. It will eat anything—if it is alive, Whiscash will eat it."
341,III,Corphish,Heigani,water,,Ruffian Pokémon,50.2,49.8,0.6,11.5,205,3840,43,80,65,50,35,35,Hyper Cutter,Shell Armor,,Adaptability,1,0.5,0.5,2,2,0.5,1,1,1,1,1,1,1,1,1,1,0.5,1,0,0,0,Corphish,Level ,Crawdaunt,,,,,,,,"No matter how dirty the water in the river, it will adapt and thrive. It has a strong will to survive."
342,III,Crawdaunt,Shizariger,water,dark,Rogue Pokémon,50.2,49.8,1.1,32.8,155,3840,63,120,85,90,55,55,Hyper Cutter,Shell Armor,,Adaptability,1,0.5,0.5,2,2,0.5,2,1,1,1,0,2,1,0.5,1,0.5,0.5,2,0,0,0,Corphish,Level ,Crawdaunt,,,,,,,,A rough customer that wildly flails its giant claws. It is said to be extremely hard to raise.
343,III,Baltoy,Yajilon,ground,psychic,Clay Doll Pokémon,,,0.5,21.5,255,5120,40,40,55,40,70,55,Levitate,,,,1,1,2,0,2,2,0.5,0.5,1,1,0.5,2,0.5,2,1,2,1,1,0,0,0,Baltoy,Level ,Claydol,,,,,,,,It moves while spinning around on its single foot. Some Baltoy have been seen spinning on their heads.
344,III,Claydol,Nendoll,ground,psychic,Clay Doll Pokémon,,,1.5,108,90,5120,60,70,105,70,120,75,Levitate,,,,1,1,2,0,2,2,0.5,0.5,1,1,0.5,2,0.5,2,1,2,1,1,0,0,0,Baltoy,Level ,Claydol,,,,,,,,"This mysterious Pokémon started life as an ancient clay figurine made over 20,000 years ago."
345,III,Lileep,Lilyla,rock,grass,Sea Lily Pokémon,88.14,11.86,1,23.8,45,7680,66,41,77,61,87,23,Suction Cups,,,Storm Drain,0.5,1,1,0.5,1,2,2,1,1,1,1,2,1,1,1,1,2,1,0,0,0,Lileep,Level ,Cradily,,,,,,,,"This Pokémon was restored from a fossil. Lileep once lived in warm seas that existed approximately 100,000,000 years ago."
346,III,Cradily,Yuradle,rock,grass,Barnacle Pokémon,88.14,11.86,1.5,60.4,45,7680,86,81,97,81,107,43,Suction Cups,,,Storm Drain,0.5,1,1,0.5,1,2,2,1,1,1,1,2,1,1,1,1,2,1,0,0,0,Lileep,Level ,Cradily,,,,,,,,"It has short legs and can’t walk very fast, but its neck and tentacles can extend to over three times their usual length to nab distant prey."
347,III,Anorith,Anopth,rock,bug,Old Shrimp Pokémon,88.14,11.86,0.7,12.5,45,7680,45,95,50,40,50,75,Battle Armor,,,Swift Swim,0.5,1,2,1,1,1,1,0.5,1,1,1,1,2,1,1,1,2,1,0,0,0,Anorith,Level ,Armaldo,,,,,,,,"This Pokémon was restored from a fossil. Anorith lived in the ocean about 100,000,000 years ago, hunting with its pair of claws."
348,III,Armaldo,Armaldo,rock,bug,Plate Pokémon,88.14,11.86,1.5,68.2,45,7680,75,125,100,70,80,45,Battle Armor,,,Swift Swim,0.5,1,2,1,1,1,1,0.5,1,1,1,1,2,1,1,1,2,1,0,0,0,Anorith,Level ,Armaldo,,,,,,,,"After evolution, this Pokémon emerged onto land. Its lower body has become stronger, and blows from its tail are devastating."
349,III,Feebas,Hinbass,water,,Fish Pokémon,50.2,49.8,0.6,7.4,255,5120,20,15,20,10,55,80,Swift Swim,Oblivious,,Adaptability,1,0.5,0.5,2,2,0.5,1,1,1,1,1,1,1,1,1,1,0.5,1,0,0,0,Feebas,Level up (Maximum Beauty),Milotic,,,,,,,,"Although unattractive and unpopular, this Pokémon’s marvelous vitality has made it a subject of research."
350,III,Milotic,Milokaross,water,,Tender Pokémon,50.2,49.8,6.2,162,60,5120,95,60,79,100,125,81,Marvel Scale,Competitive,,Cute Charm,1,0.5,0.5,2,2,0.5,1,1,1,1,1,1,1,1,1,1,0.5,1,0,0,0,Feebas,Level up (Maximum Beauty),Milotic,,,,,,,,Milotic has provided inspiration to many artists. It has even been referred to as the most beautiful Pokémon of all.
351,III,Castform,Powalen,normal,fire,Weather Pokémon,50,50,0.3,0.8,45,6400,70,70,70,70,70,70,Forecast,,,,1,1,1,1,1,1,2,1,1,1,1,1,1,0,1,1,1,1,0,0,0,Castform,,,,,,,,,,"Although its form changes with the weather, that is apparently the result of a chemical reaction and not the result of its own free will."
352,III,Kecleon,Kakureon,normal,,Color Swap Pokémon,50,50,1,22,200,5120,60,90,70,60,120,40,Color Change,,,Protean,1,1,1,1,1,1,2,1,1,1,1,1,1,0,1,1,1,1,0,0,0,Kecleon,,,,,,,,,,"It changes its hue to blend into its surroundings. If no one takes notice of it for too long, it will pout and never reveal itself."
353,III,Shuppet,Kagebouzu,ghost,,Puppet Pokémon,50,50,0.6,2.3,225,6400,44,75,35,63,33,45,Insomnia,Frisk,,Cursed Body,0,1,1,1,1,1,0,0.5,1,1,1,0.5,1,2,1,2,1,1,0,0,0,Shuppet,Level ,Banette,,,,,,,,"It eats up emotions like malice, jealousy, and resentment, so some people are grateful for its presence."
354,III,Banette,Juppeta,ghost,,Marionette Pokémon,50,50,1.1,12.5,45,6400,64,115,65,83,63,65,Insomnia,Frisk,,Cursed Body,0,1,1,1,1,1,0,0.5,1,1,1,0.5,1,2,1,2,1,1,0,0,0,Shuppet,Level ,Banette,,,,,,Mega Banette,,"It’s a stuffed toy that was thrown away and became possessed, ever searching for the one who threw it away so it can exact its revenge."
355,III,Duskull,Yomawaru,ghost,,Requiem Pokémon,50.2,49.8,0.8,15,190,6400,20,40,90,30,90,25,Levitate,,,Frisk,0,1,1,1,1,1,0,0.5,1,1,1,0.5,1,2,1,2,1,1,0,0,0,Duskull,Level ,Dusclops,Trade with  Reaper Cloth,Dusknoir,,,,,,"If it finds bad children who won’t listen to their parents, it will spirit them away—or so it’s said."
356,III,Dusclops,Samayouru,ghost,,Beckon Pokémon,50.2,49.8,1.6,30.6,90,6400,40,70,130,60,130,25,Pressure,,,Frisk,0,1,1,1,1,1,0,0.5,1,1,1,0.5,1,2,1,2,1,1,0,0,0,Duskull,Level ,Dusclops,Trade with  Reaper Cloth,Dusknoir,,,,,,"Its body is entirely hollow. When it opens its mouth, it sucks everything in as if it were a black hole."
357,III,Tropius,Tropius,grass,flying,Fruit Pokémon,50,50,2,100,200,6400,99,68,83,72,87,51,Chlorophyll,Solar Power,,Harvest,1,2,0.5,1,0.25,4,0.5,2,0,2,1,1,2,1,1,1,1,1,0,0,0,Tropius,,,,,,,,,,The bunches of fruit growing around the necks of Tropius in Alola are especially sweet compared to those in other regions.
358,III,Chimecho,Chirean,psychic,,Wind Chime Pokémon,50,50,0.6,1,45,6400,75,50,80,95,90,65,Levitate,,,,1,1,1,1,1,1,0.5,1,1,1,0.5,2,1,2,1,2,1,1,0,0,0,Chingling,Level Up with Happiness Value at 220 During the Night,Chimecho,,,,,,,,"Chimecho makes its cries echo inside its hollow body. When this Pokémon becomes enraged, its cries result in ultrasonic waves that have the power to knock foes flying."
359,III,Absol,Absol,dark,,Disaster Pokémon,50.2,49.8,1.2,47,30,6400,65,130,60,75,60,75,Pressure,Super Luck,,Justified,1,1,1,1,1,1,2,1,1,1,0,2,1,0.5,1,0.5,1,2,0,0,0,Absol,,,,,,,,Mega Absol,,"Swift as the wind, Absol races through fields and mountains. Its curved, bow-like horn is acutely sensitive to the warning signs of natural disasters."
360,III,Wynaut,Sohnano,psychic,,Bright Pokémon,50.2,49.8,0.6,14,125,5120,95,23,48,23,48,23,Shadow Tag,,,Telepathy,1,1,1,1,1,1,0.5,1,1,1,0.5,2,1,2,1,2,1,1,0,0,0,Wynaut,Level ,Wobbuffet,,,,,,,,It tends to move in a pack. Individuals squash against one another to toughen their spirits.
361,III,Snorunt,Yukiwarashi,ice,,Snow Hat Pokémon,50.2,49.8,0.7,16.8,190,5120,50,50,50,50,50,50,Inner Focus,Ice Body,,Moody,1,2,1,1,1,0.5,2,1,1,1,1,1,2,1,1,1,2,1,0,0,0,Snorunt,Level,Glalie,"On Female Pokémon, use Dawn Stone",Froslass,,,,,,"It’s said that if they are seen at midnight, they’ll cause heavy snow. They eat snow and ice to survive."
362,III,Glalie,Onigohri,ice,,Face Pokémon,50.2,49.8,1.5,256.5,75,5120,80,80,80,80,80,80,Inner Focus,Ice Body,,Moody,1,2,1,1,1,0.5,2,1,1,1,1,1,2,1,1,1,2,1,0,0,0,Snorunt,Level,Glalie,"On Female Pokémon, use Dawn Stone",Froslass,,,,Mega Glalie,,"It has a body of ice that won’t melt, even with fire. It can instantly freeze moisture in the atmosphere."
363,III,Spheal,Tamazarashi,ice,water,Clap Pokémon,50.2,49.8,0.8,39.5,255,5120,70,40,50,55,50,25,Thick Fat,Ice Body,,Oblivious,1,1,0.5,2,2,0.25,2,1,1,1,1,1,2,1,1,1,1,1,0,0,0,Spheal,Level ,Sealeo,Level ,Walrein,,,,,,This Pokémon’s body is covered in blubber and impressively round. It’s faster for Spheal to roll around than walk.
364,III,Sealeo,Todoggler,ice,water,Ball Roll Pokémon,50.2,49.8,1.1,87.6,120,5120,90,60,70,75,70,45,Thick Fat,Ice Body,,Oblivious,1,1,0.5,2,2,0.25,2,1,1,1,1,1,2,1,1,1,1,1,0,0,0,Spheal,Level ,Sealeo,Level ,Walrein,,,,,,"Sealeo live on top of drift ice. They go swimming when they’re on the hunt, seeking out their prey by scent."
365,III,Walrein,Todoseruga,ice,water,Ice Break Pokémon,50.2,49.8,1.4,150.6,45,5120,110,80,90,95,90,65,Thick Fat,Ice Body,,Oblivious,1,1,0.5,2,2,0.25,2,1,1,1,1,1,2,1,1,1,1,1,0,0,0,Spheal,Level ,Sealeo,Level ,Walrein,,,,,,"Walrein form herds of 20 to 30 individuals. When a threat appears, the herd’s leader will protect the group with its life."
366,III,Clamperl,Pearlulu,water,,Bivalve Pokémon,50,50,0.4,52.5,255,5120,35,64,85,74,55,32,Shell Armor,,,Rattled,1,0.5,0.5,2,2,0.5,1,1,1,1,1,1,1,1,1,1,0.5,1,0,0,0,Clamperl,Trade with  Deep Sea Tooth,Huntail,Trade with  Deep Sea Scale,Gorebyss,,,,,,"Despite its appearance, it’s carnivorous. It clamps down on its prey with both sides of its shell and doesn’t let go until they stop moving."
367,III,Huntail,Huntail,water,,Deep Sea Pokémon,50,50,1.7,27,60,5120,55,104,105,94,75,52,Swift Swim,,,Water Veil,1,0.5,0.5,2,2,0.5,1,1,1,1,1,1,1,1,1,1,0.5,1,0,0,0,Clamperl,Trade with  Deep Sea Tooth,Huntail,Trade with  Deep Sea Scale,Gorebyss,,,,,,It’s not the strongest swimmer. It wags its tail to lure in its prey and then gulps them down as soon as they get close.
368,III,Gorebyss,Sakurabyss,water,,South Sea Pokémon,50,50,1.8,22.6,60,5120,55,84,105,114,75,52,Swift Swim,,,Hydration,1,0.5,0.5,2,2,0.5,1,1,1,1,1,1,1,1,1,1,0.5,1,0,0,0,Clamperl,Trade with  Deep Sea Tooth,Huntail,Trade with  Deep Sea Scale,Gorebyss,,,,,,The color of its body changes with the water temperature. The coloration of Gorebyss in Alola is almost blindingly vivid.
369,III,Relicanth,Glanth,water,rock,Longevity Pokémon,88.14,11.86,1,23.4,25,10240,100,90,130,45,65,55,Swift Swim,Rock Head,,Sturdy,0.5,0.25,1,2,4,0.5,2,0.5,2,0.5,1,1,1,1,1,1,1,1,0,0,0,Relicanth,,,,,,,,,,Rock-hard scales and oil-filled swim bladders allow this Pokémon to survive the intense water pressure of the deep sea.
370,III,Luvdisc,Lovecus,water,,Rendezvous Pokémon,24.6,75.4,0.6,8.7,225,5120,43,30,55,40,65,97,Swift Swim,,,Hydration,1,0.5,0.5,2,2,0.5,1,1,1,1,1,1,1,1,1,1,0.5,1,0,0,0,Luvdisc,,,,,,,,,,There was an era when it was overfished due to the rumor that having one of its heart-shaped scales would enable you to find a sweetheart.
371,III,Bagon,Tatsubay,dragon,,Rock Head Pokémon,50.2,49.8,0.6,42.1,45,10240,45,75,60,40,30,50,Rock Head,,,Sheer Force,1,0.5,0.5,0.5,0.5,2,1,1,1,1,1,1,1,1,2,1,1,2,0,0,0,Bagon,Level ,Shelgon,Level ,Salamence,,,,,,"Bagon jumps off cliffs every day, trying to grow stronger so that someday it will be able to fly."
372,III,Shelgon,Komoruu,dragon,,Endurance Pokémon,50.2,49.8,1.1,110.5,45,10240,65,95,100,60,50,50,Rock Head,,,Overcoat,1,0.5,0.5,0.5,0.5,2,1,1,1,1,1,1,1,1,2,1,1,2,0,0,0,Bagon,Level ,Shelgon,Level ,Salamence,,,,,,This Pokémon has covered its body in a hard shell that has the same composition as bone. Shelgon stores energy for evolution.
373,III,Salamence,Bohmander,dragon,flying,Dragon Pokémon,50.2,49.8,1.5,102.6,45,10240,95,135,80,110,80,100,Intimidate,,,Moxie,1,0.5,0.5,1,0.25,4,0.5,1,0,1,1,0.5,2,1,2,1,1,2,0,0,0,Bagon,Level ,Shelgon,Level ,Salamence,,,,Mega Salamence,,Salamence is an unusual Pokémon in that it was able to evolve a body with wings just by constantly wishing to be able to fly.
374,III,Beldum,Dumbber,steel,psychic,Iron Ball Pokémon,,,0.6,95.2,3,10240,40,55,80,35,60,30,Clear Body,,,Light Metal,0.5,2,1,1,0.5,0.5,1,0,2,0.5,0.25,1,0.5,2,0.5,2,0.5,0.5,0,0,0,Beldum,Level ,Metang,Level ,Metagross,,,,,,"From its rear, Beldum emits a magnetic force that rapidly pulls opponents in. They get skewered on Beldum’s sharp claws."
375,III,Metang,Metang,steel,psychic,Iron Claw Pokémon,,,1.2,202.5,3,10240,60,75,100,55,80,50,Clear Body,,,Light Metal,0.5,2,1,1,0.5,0.5,1,0,2,0.5,0.25,1,0.5,2,0.5,2,0.5,0.5,0,0,0,Beldum,Level ,Metang,Level ,Metagross,,,,,,"Two Beldum have become stuck together via their own magnetic forces. With two brains, the resulting Metang has doubled psychic powers."
376,III,Metagross,Metagross,steel,psychic,Iron Leg Pokémon,,,1.6,550,3,10240,80,135,130,95,90,70,Clear Body,,,Light Metal,0.5,2,1,1,0.5,0.5,1,0,2,0.5,0.25,1,0.5,2,0.5,2,0.5,0.5,0,0,0,Beldum,Level ,Metang,Level ,Metagross,,,,Mega Metagross,,"Because the magnetic powers of these Pokémon get stronger in freezing temperatures, Metagross living on snowy mountains are full of energy."
377,III,Regirock,Regirock,rock,,Rock Peak Pokémon,,,1.7,230,3,20480,80,100,200,50,100,50,Clear Body,,,Sturdy,0.5,0.5,2,1,2,1,2,0.5,2,0.5,1,1,1,1,1,1,2,1,1,0,0,Regirock,,,,,,,,,,"Every bit of Regirock’s body is made of stone. As parts of its body erode, this Pokémon sticks rocks to itself to repair what’s been lost."
378,III,Regice,Regice,ice,,Iceberg Pokémon,,,1.8,175,3,20480,80,50,100,100,200,50,Clear Body,,,Ice Body,1,2,1,1,1,0.5,2,1,1,1,1,1,2,1,1,1,2,1,1,0,0,Regice,,,,,,,,,,"With cold air that can reach temperatures as low as −328 degrees Fahrenheit, Regice instantly freezes any creature that approaches it."
379,III,Registeel,Registeel,steel,,Iron Pokémon,,,1.9,205,3,20480,80,75,150,75,150,50,Clear Body,,,Light Metal,0.5,2,1,1,0.5,0.5,2,0,2,0.5,0.5,0.5,0.5,1,0.5,1,0.5,0.5,1,0,0,Registeel,,,,,,,,,,Registeel’s body is made of a strange material that is flexible enough to stretch and shrink but also more durable than any metal.
380,III,Latias,Latias,dragon,psychic,Eon Pokémon,0,100,1.4,40,3,30720,80,80,90,110,130,110,Levitate,,,,1,0.5,0.5,0.5,0.5,2,0.5,1,1,1,0.5,2,1,2,2,2,1,2,1,0,0,Latias,,,,,,,,Mega Latias,,"Latias is highly sensitive to the emotions of people. If it senses any hostility, this Pokémon ruffles the feathers all over its body and cries shrilly to intimidate the foe."
381,III,Latios,Latios,dragon,psychic,Eon Pokémon,100,0,2,60,3,30720,80,90,80,130,110,110,Levitate,,,,1,0.5,0.5,0.5,0.5,2,0.5,1,1,1,0.5,2,1,2,2,2,1,2,1,0,0,Latios,,,,,,,,Mega Latios,,Latios has the ability to make others see an image of what it has seen or imagines in its head. This Pokémon is intelligent and understands human speech.
382,III,Kyogre,Kyogre,water,,Sea Basin Pokémon,,,4.5,352,3,30720,100,100,90,150,140,90,Drizzle,,,,1,0.5,0.5,2,2,0.5,1,1,1,1,1,1,1,1,1,1,0.5,1,0,1,0,Kyogre,,,,,,,,,,"Through Primal Reversion and with nature’s full power, it will take back its true form. It can summon storms that cause the sea levels to rise."
383,III,Groudon,Groudon,ground,,Continent Pokémon,,,3.5,950,3,30720,100,150,140,100,90,90,Drought,,,,1,1,2,0,2,2,1,0.5,1,1,1,1,0.5,1,1,1,1,1,0,1,0,Groudon,,,,,,,,,,"Groudon is said to be the personification of the land itself. Legends tell of its many clashes against Kyogre, as each sought to gain the power of nature."
384,III,Rayquaza,Rayquaza,dragon,flying,Sky High Pokémon,,,7,206.5,45,30720,105,150,90,150,90,95,Air Lock,,,,1,0.5,0.5,1,0.25,4,0.5,1,0,1,1,0.5,2,1,2,1,1,2,0,1,0,Rayquaza,,,,,,,,Mega Rayquaza,,Rayquaza is said to have lived for hundreds of millions of years. Legends remain of how it put to rest the clash between Kyogre and Groudon.
385,III,Jirachi,Jirachi,steel,psychic,Wish Pokémon,,,0.3,1.1,3,30720,100,100,100,100,100,100,Serene Grace,,,,0.5,2,1,1,0.5,0.5,1,0,2,0.5,0.25,1,0.5,2,0.5,2,0.5,0.5,0,0,1,Jirachi,,,,,,,,,,"A legend states that Jirachi will make true any wish that is written on notes attached to its head when it awakens. If this Pokémon senses danger, it will fight without awakening."
386,III,Deoxys,Deoxys,psychic,,DNA Pokémon,,,1.7,60.8,3,30720,50,150,50,150,50,150,Pressure,,,,1,1,1,1,1,1,0.5,1,1,1,0.5,2,1,2,1,2,1,1,0,0,1,Deoxys,,,,,,,,,,The DNA of a space virus underwent a sudden mutation upon exposure to a laser beam and resulted in Deoxys. The crystalline organ on this Pokémon’s chest appears to be its brain.
387,IV,Turtwig,Naetle,grass,,Tiny Leaf Pokémon,88.1,11.9,0.4,10.2,45,5120,55,68,64,45,55,31,Overgrow,,,Shell Armor,1,2,0.5,0.5,0.5,2,1,2,0.5,2,1,2,1,1,1,1,1,1,0,0,0,Turtwig,Level ,Grotle,Level ,Torterra,,,,,,Photosynthesis occurs across its body under the sun. The shell on its back is actually hardened soil.
388,IV,Grotle,Hayashigame,grass,,Grove Pokémon,88.1,11.9,1.1,97,45,5120,75,89,85,55,65,36,Overgrow,,,Shell Armor,1,2,0.5,0.5,0.5,2,1,2,0.5,2,1,2,1,1,1,1,1,1,0,0,0,Turtwig,Level ,Grotle,Level ,Torterra,,,,,,"It lives along water in forests. In the daytime, it leaves the forest to sunbathe its treed shell."
389,IV,Torterra,Dodaitose,grass,ground,Continent Pokémon,88.1,11.9,2.2,310,45,5120,95,109,105,75,85,56,Overgrow,,,Shell Armor,1,2,1,0,1,4,1,1,0.5,2,1,2,0.5,1,1,1,1,1,0,0,0,Turtwig,Level ,Grotle,Level ,Torterra,,,,,,"Ancient people imagined that beneath the ground, a gigantic Torterra dwelled."
390,IV,Chimchar,Hikozaru,fire,,Chimp Pokémon,88.1,11.9,0.5,6.2,45,5120,44,58,44,58,44,61,Blaze,,,Iron Fist,1,0.5,2,1,0.5,0.5,1,1,2,1,1,0.5,2,1,1,1,0.5,0.5,0,0,0,Chimchar,Level ,Monferno,Level ,Infernape,,,,,,Its fiery rear end is fueled by gas made in its belly. Even rain can’t extinguish the fire.
391,IV,Monferno,Moukazaru,fire,fighting,Playful Pokémon,88.1,11.9,0.9,22,45,5120,64,78,52,78,52,81,Blaze,,,Iron Fist,1,0.5,2,1,0.5,0.5,1,1,2,2,2,0.25,1,1,1,0.5,0.5,1,0,0,0,Chimchar,Level ,Monferno,Level ,Infernape,,,,,,It skillfully controls the intensity of the fire on its tail to keep its foes at an ideal distance.
392,IV,Infernape,Goukazaru,fire,fighting,Flame Pokémon,88.1,11.9,1.2,55,45,5120,76,104,71,104,71,108,Blaze,,,Iron Fist,1,0.5,2,1,0.5,0.5,1,1,2,2,2,0.25,1,1,1,0.5,0.5,1,0,0,0,Chimchar,Level ,Monferno,Level ,Infernape,,,,,,Its crown of fire is indicative of its fiery nature. It is beaten by none in terms of quickness.
393,IV,Piplup,Pochama,water,,Penguin Pokémon,88.1,11.9,0.4,5.2,45,5120,53,51,53,61,56,40,Torrent,,,Defiant,1,0.5,0.5,2,2,0.5,1,1,1,1,1,1,1,1,1,1,0.5,1,0,0,0,Piplup,Level ,Prinplup,Level ,Empoleon,,,,,,It doesn’t like to be taken care of. It’s difficult to bond with since it won’t listen to its Trainer.
394,IV,Prinplup,Pottaishi,water,,Penguin Pokémon,88.1,11.9,0.8,23,45,5120,64,66,68,81,76,50,Torrent,,,Defiant,1,0.5,0.5,2,2,0.5,1,1,1,1,1,1,1,1,1,1,0.5,1,0,0,0,Piplup,Level ,Prinplup,Level ,Empoleon,,,,,,"It lives alone, away from others. Apparently, every one of them believes it is the most important."
395,IV,Empoleon,Emperte,water,steel,Emperor Pokémon,88.1,11.9,1.7,84.5,45,5120,84,86,88,111,101,60,Torrent,,,Defiant,0.5,1,0.5,2,1,0.25,2,0,2,0.5,0.5,0.5,0.5,1,0.5,1,0.25,0.5,0,0,0,Piplup,Level ,Prinplup,Level ,Empoleon,,,,,,It swims as fast as a jet boat. The edges of its wings are sharp and can slice apart drifting ice.
396,IV,Starly,Mukkuru,normal,flying,Starling Pokémon,50,50,0.3,2,255,3840,40,55,30,30,30,60,Keen Eye,,,Reckless,1,1,1,2,0.5,2,1,1,0,1,1,0.5,2,0,1,1,1,1,0,0,0,Starly,Level ,Staravia,Level ,Staraptor,,,,,,"They flock in great numbers. Though small, they flap their wings with great power."
397,IV,Staravia,Mukubird,normal,flying,Starling Pokémon,50,50,0.6,15.5,120,3840,55,75,50,40,40,80,Intimidate,,,Reckless,1,1,1,2,0.5,2,1,1,0,1,1,0.5,2,0,1,1,1,1,0,0,0,Starly,Level ,Staravia,Level ,Staraptor,,,,,,"They maintain huge flocks, although fierce scuffles break out between various flocks."
398,IV,Staraptor,Mukuhawk,normal,flying,Predator Pokémon,50,50,1.2,24.9,45,3840,85,120,70,50,60,100,Intimidate,,,Reckless,1,1,1,2,0.5,2,1,1,0,1,1,0.5,2,0,1,1,1,1,0,0,0,Starly,Level ,Staravia,Level ,Staraptor,,,,,,The muscles in its wings and legs are strong. It can easily fly while gripping a small Pokémon.
399,IV,Bidoof,Bippa,normal,,Plump Mouse Pokémon,50,50,0.5,20,255,3840,59,45,40,35,40,31,Simple,Unaware,,Moody,1,1,1,1,1,1,2,1,1,1,1,1,1,0,1,1,1,1,0,0,0,Bidoof,Level ,Bibarel,,,,,,,,"With nerves of steel, nothing can perturb it. It is more agile and active than it appears."
400,IV,Bibarel,Beadaru,normal,water,Beaver Pokémon,50,50,1,31.5,127,3840,79,85,60,55,60,71,Simple,Unaware,,Moody,1,0.5,0.5,2,2,0.5,2,1,1,1,1,1,1,0,1,1,0.5,1,0,0,0,Bidoof,Level ,Bibarel,,,,,,,,It busily makes its nest with stacks of branches and roots it has cut up with its sharp incisors.
401,IV,Kricketot,Korobohshi,bug,,Cricket Pokémon,50,50,0.3,2.2,255,3840,37,25,41,25,41,25,Shed Skin,,,Run Away,1,2,1,1,0.5,1,0.5,1,0.5,2,1,1,2,1,1,1,1,1,0,0,0,Kricketot,Level ,Kricketune,,,,,,,,It chats with others using the sounds of its colliding antennae. These sounds are fall hallmarks.
402,IV,Kricketune,Korotock,bug,,Cricket Pokémon,50,50,1,25.5,45,3840,77,85,51,55,51,65,Swarm,,,Technician,1,2,1,1,0.5,1,0.5,1,0.5,2,1,1,2,1,1,1,1,1,0,0,0,Kricketot,Level ,Kricketune,,,,,,,,It crosses its knifelike arms in front of its chest when it cries. It can compose melodies ad lib.
403,IV,Shinx,Kolink,electric,,Flash Pokémon,50.2,49.8,0.5,9.5,235,5120,45,65,34,40,34,45,Rivalry,Intimidate,,Guts,1,1,1,0.5,1,1,1,1,2,0.5,1,1,1,1,1,1,0.5,1,0,0,0,Shinx,Level ,Luxio,Level ,Luxray,,,,,,This Pokémon generates electricity by contracting its muscles. Excited trembling is a sign that Shinx is generating a tremendous amount of electricity.
404,IV,Luxio,Luxio,electric,,Spark Pokémon,50.2,49.8,0.9,30.5,120,5120,60,85,49,60,49,60,Rivalry,Intimidate,,Guts,1,1,1,0.5,1,1,1,1,2,0.5,1,1,1,1,1,1,0.5,1,0,0,0,Shinx,Level ,Luxio,Level ,Luxray,,,,,,"By joining its tail with that of another Luxio, this Pokémon can receive some of the other Luxio’s electricity and power up its own electric blasts."
405,IV,Luxray,Rentorar,electric,,Gleam Eyes Pokémon,50.2,49.8,1.4,42,45,5120,80,120,79,95,79,70,Rivalry,Intimidate,,Guts,1,1,1,0.5,1,1,1,1,2,0.5,1,1,1,1,1,1,0.5,1,0,0,0,Shinx,Level ,Luxio,Level ,Luxray,,,,,,"Luxray can see through solid objects. It will instantly spot prey trying to hide behind walls, even if the walls are thick."
406,IV,Budew,Subomie,grass,poison,Bud Pokémon,50.2,49.8,0.2,1.2,255,5120,40,30,35,50,70,55,Natural Cure,Poison Point,,Leaf Guard,1,2,0.5,0.5,0.25,2,0.5,1,1,2,2,1,1,1,1,1,1,0.5,0,0,0,Budew,Level Up with Happiness Value at 220 During the Day,Roselia,Use Shiny Stone,Roserade,,,,,,"The pollen it releases contains poison. If this Pokémon is raised on clean water, the poison’s toxicity is increased."
407,IV,Roserade,Roserade,grass,poison,Bouquet Pokémon,50.2,49.8,0.9,14.5,75,5120,60,70,65,125,105,90,Natural Cure,Poison Point,,Technician,1,2,0.5,0.5,0.25,2,0.5,1,1,2,2,1,1,1,1,1,1,0.5,0,0,0,Budew,Level Up with Happiness Value at 220 During the Day,Roselia,Use Shiny Stone,Roserade,,,,,,"After captivating opponents with its sweet scent, it lashes them with its thorny whips."
408,IV,Cranidos,Zugaidos,rock,,Head Butt Pokémon,88.1,11.9,0.9,31.5,45,7680,67,125,40,30,30,58,Mold Breaker,,,Sheer Force,0.5,0.5,2,1,2,1,2,0.5,2,0.5,1,1,1,1,1,1,2,1,0,0,0,Cranidos,Level ,Rampardos,,,,,,,,"A primeval Pokémon, it possesses a hard and sturdy skull, lacking any intelligence within."
409,IV,Rampardos,Rampald,rock,,Head Butt Pokémon,88.1,11.9,1.6,102.5,45,7680,97,165,60,65,50,58,Mold Breaker,,,Sheer Force,0.5,0.5,2,1,2,1,2,0.5,2,0.5,1,1,1,1,1,1,2,1,0,0,0,Cranidos,Level ,Rampardos,,,,,,,,"In ancient times, people would dig up fossils of this Pokémon and use its skull, which is harder than steel, to make helmets."
410,IV,Shieldon,Tatetops,rock,steel,Shield Pokémon,88.1,11.9,0.5,57,45,7680,30,42,118,42,88,30,Sturdy,,,Soundproof,0.25,1,2,1,1,0.5,4,0,4,0.25,0.5,0.5,0.5,1,0.5,1,1,0.5,0,0,0,Shieldon,Level ,Bastiodon,,,,,,,,"A mild-mannered, herbivorous Pokémon, it used its face to dig up tree roots to eat. The skin on its face was plenty tough."
411,IV,Bastiodon,Torideps,rock,steel,Shield Pokémon,88.1,11.9,1.3,149.5,45,7680,60,52,168,47,138,30,Sturdy,,,Soundproof,0.25,1,2,1,1,0.5,4,0,4,0.25,0.5,0.5,0.5,1,0.5,1,1,0.5,0,0,0,Shieldon,Level ,Bastiodon,,,,,,,,"The bones of its face are huge and hard, so they were mistaken for its spine until after this Pokémon was successfully restored."
412,IV,Burmy,Minomucchi,bug,,Bagworm Pokémon,50,50,0.2,3.4,120,3840,40,29,45,29,45,36,Shed Skin,,,Overcoat,1,2,1,1,0.5,1,0.5,1,0.5,2,1,1,2,1,1,1,1,1,0,0,0,Burmy,Female at Level,Wormadam,Male at Level,Mothim,,,,,,"To shelter itself from cold, wintry winds, it covers itself with a cloak made of twigs and leaves."
413,IV,Wormadam,Minomadam,bug,grass,Bagworm Pokémon,0,100,0.5,6.5,45,3840,60,59,85,79,105,36,Anticipation,,,Overcoat,1,4,0.5,0.5,0.25,2,0.5,2,0.25,4,1,2,2,1,1,1,1,1,0,0,0,Burmy,Female at Level,Wormadam,Male at Level,Mothim,,,,,,Its appearance changes depending on where it evolved. The materials on hand become a part of its body.
414,IV,Mothim,Gamale,bug,flying,Moth Pokémon,100,0,0.9,23.3,45,3840,70,94,50,94,50,66,Swarm,,,Tinted Lens,1,2,1,2,0.25,2,0.25,1,0,2,1,0.5,4,1,1,1,1,1,0,0,0,Burmy,Female at Level,Wormadam,Male at Level,Mothim,,,,,,It loves the honey of flowers and steals honey collected by Combee.
415,IV,Combee,Mitsuhoney,bug,flying,Tiny Bee Pokémon,88.14,11.86,0.3,5.5,120,3840,30,30,42,30,42,70,Honey Gather,,,Hustle,1,2,1,2,0.25,2,0.25,1,0,2,1,0.5,4,1,1,1,1,1,0,0,0,Combee,Female at Level ,Vespiquen,,,,,,,,The members of the trio spend all their time together. Each one has a slightly different taste in nectar.
416,IV,Vespiquen,Beequen,bug,flying,Beehive Pokémon,0,100,1.2,38.5,45,3840,70,80,102,80,102,40,Pressure,,,Unnerve,1,2,1,2,0.25,2,0.25,1,0,2,1,0.5,4,1,1,1,1,1,0,0,0,Combee,Female at Level ,Vespiquen,,,,,,,,It skillfully commands its grubs in battles with its enemies. The grubs are willing to risk their lives to defend Vespiquen.
417,IV,Pachirisu,Pachirisu,electric,,EleSquirrel Pokémon,50,50,0.4,3.9,200,2560,60,45,70,45,90,95,Run Away,Pickup,,Volt Absorb,1,1,1,0.5,1,1,1,1,2,0.5,1,1,1,1,1,1,0.5,1,0,0,0,Pachirisu,,,,,,,,,,It makes fur balls that crackle with static electricity. It stores them with berries in tree holes.
418,IV,Buizel,Buoysel,water,,Sea Weasel Pokémon,50,50,0.7,29.5,190,5120,55,65,35,60,30,85,Swift Swim,,,Water Veil,1,0.5,0.5,2,2,0.5,1,1,1,1,1,1,1,1,1,1,0.5,1,0,0,0,Buizel,Level ,Floatzel,,,,,,,,"It swims by rotating its two tails like a screw. When it dives, its flotation sac collapses."
419,IV,Floatzel,Floazel,water,,Sea Weasel Pokémon,50,50,1.1,33.5,75,5120,85,105,55,85,50,115,Swift Swim,,,Water Veil,1,0.5,0.5,2,2,0.5,1,1,1,1,1,1,1,1,1,1,0.5,1,0,0,0,Buizel,Level ,Floatzel,,,,,,,,It floats using its well-developed flotation sac. It assists in the rescues of drowning people.
420,IV,Cherubi,Cherinbo,grass,,Cherry Pokémon,50.2,49.8,0.4,3.3,190,5120,45,35,45,62,53,35,Chlorophyll,,,,1,2,0.5,0.5,0.5,2,1,2,0.5,2,1,2,1,1,1,1,1,1,0,0,0,Cherubi,Level ,Cherrim,,,,,,,,"It nimbly dashes about to avoid getting pecked by bird Pokémon that would love to make off with its small, nutrient-rich storage ball."
421,IV,Cherrim,Cherrim,grass,,Blossom Pokémon,50.2,49.8,0.5,9.3,75,5120,70,60,70,87,78,85,Flower Gift,,,,1,2,0.5,0.5,0.5,2,1,2,0.5,2,1,2,1,1,1,1,1,1,0,0,0,Cherubi,Level ,Cherrim,,,,,,,,"As a bud, it barely moves. It sits still, placidly waiting for sunlight to appear."
422,IV,Shellos,Karanakushi,water,,Sea Slug Pokémon,50.2,49.8,0.3,6.3,190,5120,76,48,48,57,62,34,Sticky Hold,Storm Drain,,Sand Force,1,0.5,0.5,2,2,0.5,1,1,1,1,1,1,1,1,1,1,0.5,1,0,0,0,Shellos,Level ,Gastrodon,,,,,,,,"This Pokémon’s habitat shapes its physique. According to some theories, life in warm ocean waters causes this variation to develop."
423,IV,Gastrodon,Tritodon,water,ground,Sea Slug Pokémon,50.2,49.8,0.9,29.9,75,5120,111,83,68,92,82,39,Sticky Hold,Storm Drain,,Sand Force,1,0.5,1,0,4,1,1,0.5,1,1,1,1,0.5,1,1,1,0.5,1,0,0,0,Shellos,Level ,Gastrodon,,,,,,,,"Its search for food sometimes leads it onto land, where it leaves behind a sticky trail of slime as it passes through."
424,IV,Ambipom,Eteboth,normal,,Long Tail Pokémon,50,50,1.2,20.3,45,5120,75,100,66,60,66,115,Technician,Pickup,,Skill Link,1,1,1,1,1,1,2,1,1,1,1,1,1,0,1,1,1,1,0,0,0,Aipom,Level up while knowing  Double Hit,Ambipom,,,,,,,,"In their search for comfortable trees, they get into territorial disputes with groups of Passimian. They win about half the time."
425,IV,Drifloon,Fuwante,ghost,flying,Balloon Pokémon,50.2,49.8,0.4,1.2,125,7680,90,50,34,60,44,70,Aftermath,Unburden,,Flare Boost,0,1,1,2,0.5,2,0,0.5,0,1,1,0.25,2,2,1,2,1,1,0,0,0,Drifloon,Level ,Drifblim,,,,,,,,"Perhaps seeking company, it approaches children. However, it often quickly runs away again when the children play too roughly with it."
426,IV,Drifblim,Fuwaride,ghost,flying,Blimp Pokémon,50.2,49.8,1.2,15,60,7680,150,80,44,90,54,80,Aftermath,Unburden,,Flare Boost,0,1,1,2,0.5,2,0,0.5,0,1,1,0.25,2,2,1,2,1,1,0,0,0,Drifloon,Level ,Drifblim,,,,,,,,"Some say this Pokémon is a collection of souls burdened with regrets, silently drifting through the dusk."
427,IV,Buneary,Mimirol,normal,,Rabbit Pokémon,50.2,49.8,0.4,5.5,190,5120,55,66,44,44,56,85,Run Away,Klutz,,Limber,1,1,1,1,1,1,2,1,1,1,1,1,1,0,1,1,1,1,0,0,0,Buneary,Level Up with Happiness Value at 220,Lopunny,,,,,,,,"If both of Buneary’s ears are rolled up, something is wrong with its body or mind. It’s a sure sign the Pokémon is in need of care."
428,IV,Lopunny,Mimilop,normal,,Rabbit Pokémon,50.2,49.8,1.2,33.3,60,5120,65,76,84,54,96,105,Cute Charm,Klutz,,Limber,1,1,1,1,1,1,2,1,1,1,1,1,1,0,1,1,1,1,0,0,0,Buneary,Level Up with Happiness Value at 220,Lopunny,,,,,,Mega Lopunny,,"Lopunny is constantly monitoring its surroundings. If danger approaches, this Pokémon responds with superdestructive kicks."
429,IV,Mismagius,Mumargi,ghost,,Magical Pokémon,50,50,0.9,4.4,45,6400,60,60,60,105,105,105,Levitate,,,,0,1,1,1,1,1,0,0.5,1,1,1,0.5,1,2,1,2,1,1,0,0,0,Misdreavus,Use Dusk Stone,Mismagius,,,,,,,,"Feared for its wrath and the curses it spreads, this Pokémon will also, on a whim, cast spells that help people."
430,IV,Honchkrow,Dongkarasu,dark,flying,Big Boss Pokémon,50,50,0.9,27.3,30,5120,100,125,52,105,52,71,Insomnia,Super Luck,,Moxie,1,1,1,2,0.5,2,1,1,0,1,0,1,2,0.5,1,0.5,1,2,0,0,0,Murkrow,Use Dusk Stone,Honchkrow,,,,,,,,It will absolutely not forgive failure from or betrayal by its goons. It has no choice in this if it wants to maintain the order of the flock.
431,IV,Glameow,Nyarmar,normal,,Catty Pokémon,24.6,75.4,0.5,3.9,190,5120,49,55,42,42,37,85,Limber,Own Tempo,,Keen Eye,1,1,1,1,1,1,2,1,1,1,1,1,1,0,1,1,1,1,0,0,0,Glameow,Level ,Purugly,,,,,,,,It claws if displeased and purrs when affectionate. Its fickleness is very popular among some.
432,IV,Purugly,Bunyatto,normal,,Tiger Cat Pokémon,24.6,75.4,1,43.8,75,5120,71,82,64,64,59,112,Thick Fat,Own Tempo,,Defiant,1,1,1,1,1,1,2,1,1,1,1,1,1,0,1,1,1,1,0,0,0,Glameow,Level ,Purugly,,,,,,,,It would claim another Pokémon’s nest as its own if it finds a nest sufficiently comfortable.
433,IV,Chingling,Lisyan,psychic,,Bell Pokémon,50,50,0.2,0.6,120,6400,45,30,50,65,50,45,Levitate,,,,1,1,1,1,1,1,0.5,1,1,1,0.5,2,1,2,1,2,1,1,0,0,0,Chingling,Level Up with Happiness Value at 220 During the Night,Chimecho,,,,,,,,"Each time it hops, it makes a ringing sound. It deafens foes by emitting high-frequency cries."
434,IV,Stunky,Skunpuu,poison,dark,Skunk Pokémon,50.2,49.8,0.4,19.2,225,5120,63,63,47,41,41,74,Stench,Aftermath,,Keen Eye,1,1,1,1,0.5,1,1,0.5,2,1,0,1,1,0.5,1,0.5,1,1,0,0,0,Stunky,Level ,Skuntank,,,,,,,,"From its rear, it sprays a foul-smelling liquid at opponents. It aims for their faces, and it can hit them from over 16 feet away."
435,IV,Skuntank,Skutank,poison,dark,Skunk Pokémon,50.2,49.8,1,38,60,5120,103,93,67,71,61,84,Stench,Aftermath,,Keen Eye,1,1,1,1,0.5,1,1,0.5,2,1,0,1,1,0.5,1,0.5,1,1,0,0,0,Stunky,Level ,Skuntank,,,,,,,,"In its belly, it reserves stinky fluid that it shoots from its tail during battle. As this Pokémon’s diet varies, so does the stench of its fluid."
436,IV,Bronzor,Dohmirror,steel,psychic,Bronze Pokémon,,,0.5,60.5,255,5120,57,24,86,24,86,23,Levitate,Heatproof,,Heavy Metal,0.5,2,1,1,0.5,0.5,1,0,2,0.5,0.25,1,0.5,2,0.5,2,0.5,0.5,0,0,0,Bronzor,Level ,Bronzong,,,,,,,,"It appears in ancient ruins. The pattern on its body doesn’t come from any culture in the Galar region, so it remains shrouded in mystery."
437,IV,Bronzong,Dohtakun,steel,psychic,Bronze Bell Pokémon,,,1.3,187,90,5120,67,89,116,79,116,33,Levitate,Heatproof,,Heavy Metal,0.5,2,1,1,0.5,0.5,1,0,2,0.5,0.25,1,0.5,2,0.5,2,0.5,0.5,0,0,0,Bronzor,Level ,Bronzong,,,,,,,,"Some believe it to be a deity that summons rain clouds. When angered, it lets out a warning cry that rings out like the tolling of a bell."
438,IV,Bonsly,Usohachi,rock,,Bonsai Pokémon,50.2,49.8,0.5,15,255,5120,50,80,95,10,45,10,Sturdy,Rock Head,,Rattled,0.5,0.5,2,1,2,1,2,0.5,2,0.5,1,1,1,1,1,1,2,1,0,0,0,Bonsly,Level up while knowing  Mimic,Sudowoodo,,,,,,,,"It expels both sweat and tears from its eyes. The sweat is a little salty, while the tears have a slight bitterness."
439,IV,Mime Jr.,Manene,psychic,fairy,Mime Pokémon,50.2,49.8,0.6,13,145,6400,20,25,45,70,90,60,Soundproof,Filter,,Technician,1,1,1,1,1,1,0.25,2,1,1,0.5,1,1,2,0,1,2,1,0,0,0,Mime Jr.,Level up while knowing  Mimic,Mr. Mime,,,,,,,,"It mimics everyone it sees, but it puts extra effort into copying the graceful dance steps of Mr. Rime as practice."
440,IV,Happiny,Pinpuku,normal,,Playhouse Pokémon,0,100,0.6,24.4,130,10240,100,5,5,15,65,30,Natural Cure,Serene Grace,,Friend Guard,1,1,1,1,1,1,2,1,1,1,1,1,1,0,1,1,1,1,0,0,0,Happiny,Level up during day while holding Oval Stone,Chansey,Level Up with Happiness Value at 220,Blissey,,,,,,"Mimicking Chansey, Happiny will place an egg- shaped stone in its belly pouch. Happiny will treasure this stone."
441,IV,Chatot,Perap,normal,flying,Music Note Pokémon,50,50,0.5,1.9,30,5120,76,65,45,92,42,91,Keen Eye,Tangled Feet,,Big Pecks,1,1,1,2,0.5,2,1,1,0,1,1,0.5,2,0,1,1,1,1,0,0,0,Chatot,,,,,,,,,,It mimics the cries of other Pokémon to trick them into thinking it’s one of them. This way they won’t attack it.
442,IV,Spiritomb,Mikaruge,ghost,dark,Forbidden Pokémon,50.2,49.8,1,108,100,7680,50,92,108,92,108,35,Pressure,,,Infiltrator,0,1,1,1,1,1,0,0.5,1,1,0,1,1,1,1,1,1,2,0,0,0,Spiritomb,,,,,,,,,,Exactly 108 spirits gathered to become this Pokémon. Apparently there are some ill-natured spirits in the mix.
443,IV,Gible,Fukamaru,dragon,ground,Land Shark Pokémon,50.2,49.8,0.7,20.5,45,10240,58,70,45,40,45,42,Sand Veil,,,Rough Skin,1,0.5,1,0,1,4,1,0.5,1,1,1,1,0.5,1,2,1,1,2,0,0,0,Gible,Level ,Gabite,Level ,Garchomp,,,,,,"Gible prefers to stay in narrow holes in the sides of caves heated by geothermal energy. This way, Gible can stay warm even during a blizzard."
444,IV,Gabite,Gabite,dragon,ground,Cave Pokémon,50.2,49.8,1.4,56,45,10240,68,90,65,50,55,82,Sand Veil,,,Rough Skin,1,0.5,1,0,1,4,1,0.5,1,1,1,1,0.5,1,2,1,1,2,0,0,0,Gible,Level ,Gabite,Level ,Garchomp,,,,,,This Pokémon emits ultrasonic waves from a protrusion on either side of its head to probe pitch-dark caves.
445,IV,Garchomp,Gaburias,dragon,ground,Mach Pokémon,50.2,49.8,1.9,95,45,10240,108,130,95,80,85,102,Sand Veil,,,Rough Skin,1,0.5,1,0,1,4,1,0.5,1,1,1,1,0.5,1,2,1,1,2,0,0,0,Gible,Level ,Gabite,Level ,Garchomp,,,,Mega Garchomp,,"Garchomp makes its home in volcanic mountains. It flies through the sky as fast as a jet airplane, hunting down as much prey as it can."
446,IV,Munchlax,Gonbe,normal,,Big Eater Pokémon,88.14,11.86,0.6,105,50,10240,135,85,40,40,85,5,Pickup,Thick Fat,,Gluttony,1,1,1,1,1,1,2,1,1,1,1,1,1,0,1,1,1,1,0,0,0,Munchlax,Level Up with Happiness Value at 220,Snorlax,,,,,,,,"Stuffing itself with vast amounts of food is its only concern. Whether the food is rotten or fresh, yummy or tasteless—it does not care."
447,IV,Riolu,Riolu,fighting,,Emanation Pokémon,88.14,11.86,0.7,20.2,75,6400,40,70,40,35,40,60,Steadfast,Inner Focus,,Prankster,1,1,1,1,1,1,1,1,1,2,2,0.5,0.5,1,1,0.5,1,2,0,0,0,Riolu,Level Up with Happiness Value at 220 During the Day,Lucario,,,,,,,,"It’s exceedingly energetic, with enough stamina to keep running all through the night. Taking it for walks can be a challenging experience."
448,IV,Lucario,Lucario,fighting,steel,Aura Pokémon,88.14,11.86,1.2,54,45,6400,70,110,70,115,70,90,Steadfast,Inner Focus,,Justified,0.5,2,1,1,0.5,0.5,2,0,2,1,1,0.25,0.25,1,0.5,0.5,0.5,1,0,0,0,Riolu,Level Up with Happiness Value at 220 During the Day,Lucario,,,,,,Mega Lucario,,"It controls waves known as auras, which are powerful enough to pulverize huge rocks. It uses these waves to take down its prey."
449,IV,Hippopotas,Hippopotas,ground,,Hippo Pokémon,50.2,49.8,0.8,49.5,140,7680,68,72,78,38,42,32,Sand Stream,,,Sand Force,1,1,2,0,2,2,1,0.5,1,1,1,1,0.5,1,1,1,1,1,0,0,0,Hippopotas,Level ,Hippowdon,,,,,,,,"It moves through the sands with its mouth open, swallowing sand along with its prey. It gets rid of the sand by spouting it from its nose."
450,IV,Hippowdon,Kabaldon,ground,,Heavyweight Pokémon,50.2,49.8,2,300,60,7680,108,112,118,68,72,47,Sand Stream,,,Sand Force,1,1,2,0,2,2,1,0.5,1,1,1,1,0.5,1,1,1,1,1,0,0,0,Hippopotas,Level ,Hippowdon,,,,,,,,"Stones can get stuck in the ports on their bodies. Dwebble help dislodge such stones, so Hippowdon look after these Pokémon."
451,IV,Skorupi,Scorupi,poison,bug,Scorpion Pokémon,50.2,49.8,0.8,12,120,5120,40,50,90,30,55,65,Battle Armor,Sniper,,Keen Eye,1,2,1,1,0.25,1,0.25,0.5,1,2,2,0.5,2,1,1,1,1,0.5,0,0,0,Skorupi,Level ,Drapion,,,,,,,,"After burrowing into the sand, it waits patiently for prey to come near. This Pokémon and Sizzlipede share common descent."
452,IV,Drapion,Dorapion,poison,dark,Ogre Scorp Pokémon,50.2,49.8,1.3,61.5,45,5120,70,90,110,60,75,95,Battle Armor,Sniper,,Keen Eye,1,1,1,1,0.5,1,1,0.5,2,1,0,1,1,0.5,1,0.5,1,1,0,0,0,Skorupi,Level ,Drapion,,,,,,,,"Its poison is potent, but it rarely sees use. This Pokémon prefers to use physical force instead, going on rampages with its car-crushing strength."
453,IV,Croagunk,Gureggru,poison,fighting,Toxic Mouth Pokémon,50.2,49.8,0.7,23,140,2560,48,61,40,61,40,50,Anticipation,Dry Skin,,Poison Touch,1,1,1,1,0.5,1,0.5,0.5,2,2,4,0.25,0.5,1,1,0.5,1,1,0,0,0,Croagunk,Level ,Toxicroak,,,,,,,,"It makes frightening noises with its poison-filled cheek sacs. When opponents flinch, Croagunk hits them with a poison jab."
454,IV,Toxicroak,Dokurog,poison,fighting,Toxic Mouth Pokémon,50.2,49.8,1.3,44.4,75,5120,83,106,65,86,65,85,Anticipation,Dry Skin,,Poison Touch,1,1,1,1,0.5,1,0.5,0.5,2,2,4,0.25,0.5,1,1,0.5,1,1,0,0,0,Croagunk,Level ,Toxicroak,,,,,,,,It bounces toward opponents and gouges them with poisonous claws. No more than a scratch is needed to knock out its adversaries.
455,IV,Carnivine,Muskippa,grass,,Bug Catcher Pokémon,50,50,1.4,27,200,6400,74,100,72,90,72,46,Levitate,,,,1,2,0.5,0.5,0.5,2,1,2,0.5,2,1,2,1,1,1,1,1,1,0,0,0,Carnivine,,,,,,,,,,"It attracts prey with its sweet-smelling saliva, then chomps down. It takes a whole day to eat prey."
456,IV,Finneon,Keikouo,water,,Wing Fish Pokémon,50,50,0.4,7,190,5120,49,49,56,49,61,66,Swift Swim,Storm Drain,,Water Veil,1,0.5,0.5,2,2,0.5,1,1,1,1,1,1,1,1,1,1,0.5,1,0,0,0,Finneon,Level ,Lumineon,,,,,,,,"When night falls, their pink patterns begin to shine. They’re popular with divers, so there are resorts that feed them to keep them close."
457,IV,Lumineon,Neolant,water,,Neon Pokémon,50,50,1.2,24,75,5120,69,69,76,69,86,91,Swift Swim,Storm Drain,,Water Veil,1,0.5,0.5,2,2,0.5,1,1,1,1,1,1,1,1,1,1,0.5,1,0,0,0,Finneon,Level ,Lumineon,,,,,,,,"Deep down at the bottom of the ocean, prey is scarce. Lumineon get into fierce disputes with Lanturn over food."
458,IV,Mantyke,Tamanta,water,flying,Kite Pokémon,50.2,49.8,1,65,25,6400,45,20,50,60,120,50,Swift Swim,Water Absorb,,Water Veil,1,0.5,0.5,4,1,1,0.5,1,0,1,1,0.5,2,1,1,1,0.5,1,0,0,0,Mantyke,Level up with Remoraid in the party,Mantine,,,,,,,,Mantyke living in Galar seem to be somewhat sluggish. The colder waters of the seas in this region may be the cause.
459,IV,Snover,Yukikaburi,grass,ice,Frosted Tree Pokémon,50.2,49.8,1,50.5,120,5120,60,62,50,62,60,40,Snow Warning,,,Soundproof,1,4,0.5,0.5,0.5,1,2,2,0.5,2,1,2,2,1,1,1,2,1,0,0,0,Snover,Level ,Abomasnow,,,,,,,,It lives on snowy mountains. It sinks its legs into the snow to absorb water and keep its own temperature down.
460,IV,Abomasnow,Yukinooh,grass,ice,Frosted Tree Pokémon,50.2,49.8,2.2,135.5,60,5120,90,92,75,92,85,60,Snow Warning,,,Soundproof,1,4,0.5,0.5,0.5,1,2,2,0.5,2,1,2,2,1,1,1,2,1,0,0,0,Snover,Level ,Abomasnow,,,,,,Mega Abomasnow,,"If it sees any packs of Darumaka going after Snover, it chases them off, swinging its sizable arms like hammers."
461,IV,Weavile,Manyula,dark,ice,Sharp Claw Pokémon,50.2,49.8,1.1,34,45,5120,70,120,65,45,85,125,Pressure,,,Pickpocket,1,2,1,1,1,0.5,4,1,1,1,0,2,2,0.5,1,0.5,2,2,0,0,0,Sneasel,Level up during the night while holding  Razor Claw,Weavile,,,,,,,,They attack their quarry in packs. Prey as large as Mamoswine easily fall to the teamwork of a group of Weavile.
462,IV,Magnezone,Jibacoil,electric,steel,Magnet Area Pokémon,,,1.2,180,30,5120,70,70,115,130,90,60,Magnet Pull,Sturdy,,Analytic,0.5,2,1,0.5,0.5,0.5,2,0,4,0.25,0.5,0.5,0.5,1,0.5,1,0.25,0.5,0,0,0,Magnemite,Level ,Magneton,Use Thunder Stone,Magnezone,,,,,,Some say that Magnezone receives signals from space via the antenna on its head and that it’s being controlled by some mysterious being.
463,IV,Lickilicky,Berobelt,normal,,Licking Pokémon,50.2,49.8,1.7,140,30,5120,110,85,95,80,95,50,Own Tempo,Oblivious,,Cloud Nine,1,1,1,1,1,1,2,1,1,1,1,1,1,0,1,1,1,1,0,0,0,Lickitung,Level up while knowing  Rollout,Lickilicky,,,,,,,,Lickilicky’s strange tongue can stretch to many times the length of its body. No one has figured out how Lickilicky’s tongue can stretch so far.
464,IV,Rhyperior,Dosidon,ground,rock,Drill Pokémon,50.2,49.8,2.4,282.8,30,5120,115,140,130,55,55,40,Lightning Rod,Solid Rock,,Reckless,0.5,0.5,4,0,4,2,2,0.25,2,0.5,1,1,0.5,1,1,1,2,1,0,0,0,Rhyhorn,Level ,Rhydon,Trade with  Protector,Rhyperior,,,,,,It can load up to three projectiles per arm into the holes in its hands. What launches out of those holes could be either rocks or Roggenrola.
465,IV,Tangrowth,Mojumbo,grass,,Vine Pokémon,50.2,49.8,2,128.6,30,5120,100,100,125,110,50,50,Chlorophyll,Leaf Guard,,Regenerator,1,2,0.5,0.5,0.5,2,1,2,0.5,2,1,2,1,1,1,1,1,1,0,0,0,Tangela,Level up while knowing  Ancient Power,Tangrowth,,,,,,,,"Tangrowth has two arms that it can extend as it pleases. Recent research has shown that these arms are, in fact, bundles of vines."
466,IV,Electivire,Elekible,electric,,Thunderbolt Pokémon,75.49,24.51,1.8,138.6,30,6400,75,123,67,95,85,95,Motor Drive,,,Vital Spirit,1,1,1,0.5,1,1,1,1,2,0.5,1,1,1,1,1,1,0.5,1,0,0,0,Elekid,Level ,Electabuzz,Trade with  Electirizer,Electivire,,,,,,The amount of electrical energy this Pokémon produces is proportional to the rate of its pulse. The voltage jumps while Electivire is battling.
467,IV,Magmortar,Booburn,fire,,Blast Pokémon,75.49,24.51,1.6,68,30,6400,75,95,67,125,95,83,Flame Body,,,Vital Spirit,1,0.5,2,1,0.5,0.5,1,1,2,1,1,0.5,2,1,1,1,0.5,0.5,0,0,0,Magby,Level ,Magmar,Trade with  Magmarizer,Magmortar,,,,,,"When Magmortar inhales deeply, the fire burning in its belly intensifies, rising in temperature to over 3,600 degrees Fahrenheit."
468,IV,Togekiss,Togekiss,fairy,flying,Jubilee Pokémon,88.14,11.86,1.5,38,30,2560,85,50,95,120,115,80,Hustle,Serene Grace,,Super Luck,1,1,1,2,0.5,2,0.25,2,0,1,1,0.25,2,1,0,0.5,2,1,0,0,0,Togepi,Level Up with Happiness Value at 220,Togetic,Use Shiny Stone,Togekiss,,,,,,"These Pokémon are never seen anywhere near conflict or turmoil. In recent times, they’ve hardly been seen at all."
469,IV,Yanmega,Megayanma,bug,flying,Ogre Darner Pokémon,50,50,1.9,51.5,30,5120,86,76,86,116,56,95,Speed Boost,Tinted Lens,,Frisk,1,2,1,2,0.25,2,0.25,1,0,2,1,0.5,4,1,1,1,1,1,0,0,0,Yanma,Level up while knowing  Ancient Power,Yanmega,,,,,,,,It prefers to battle by biting apart foes’ heads instantly while flying by at high speed.
470,IV,Leafeon,Leafia,grass,,Verdant Pokémon,88.14,11.86,1,25.5,45,8960,65,110,130,60,65,95,Leaf Guard,,,Chlorophyll,1,2,0.5,0.5,0.5,2,1,2,0.5,2,1,2,1,1,1,1,1,1,0,0,0,Eevee,,,,,,,,,,Galarians favor the distinctive aroma that drifts from this Pokémon’s leaves. There’s a popular perfume made using that scent.
471,IV,Glaceon,Glacia,ice,,Fresh Snow Pokémon,88.14,11.86,0.8,25.9,45,8960,65,60,110,130,95,65,Snow Cloak,,,Ice Body,1,2,1,1,1,0.5,2,1,1,1,1,1,2,1,1,1,2,1,0,0,0,Eevee,,,,,,,,,,Any who become captivated by the beauty of the snowfall that Glaceon creates will be frozen before they know it.
472,IV,Gliscor,Glion,ground,flying,Fang Scorp Pokémon,50,50,2,42.5,30,5120,75,95,125,45,75,95,Hyper Cutter,Sand Veil,,Poison Heal,1,1,2,0,1,4,0.5,0.5,0,1,1,0.5,1,1,1,1,1,1,0,0,0,Gligar,Level up during the night while holding  Razor Fang,Gliscor,,,,,,,,"It observes prey while hanging inverted from branches. When the chance presents itself, it swoops!"
473,IV,Mamoswine,Mammoo,ice,ground,Twin Tusk Pokémon,50.2,49.8,2.5,291,50,5120,110,130,80,70,60,80,Oblivious,Snow Cloak,,Thick Fat,1,2,2,0,2,1,2,0.5,1,1,1,1,1,1,1,1,2,1,0,0,0,Swinub,Level ,Piloswine,Level up while knowing  Ancient Power,,,,,,,"This Pokémon can be spotted in wall paintings from as far back as 10,000 years ago. For a while, it was thought to have gone extinct."
474,IV,Porygon-Z,Porygon-z,normal,,Virtual Pokémon,,,0.9,34,30,5120,85,80,70,135,75,90,Adaptability,Download,,Analytic,1,1,1,1,1,1,2,1,1,1,1,1,1,0,1,1,1,1,0,0,0,Porygon,Trade with  Upgrade,Porygon2,Trade with  Dubious Disc,Porygon-Z,,,,,,"Porygon-Z had a program installed to allow it to move between dimensions, but the program also caused instability in Porygon-Z’s behavior."
475,IV,Gallade,Erureido,psychic,fighting,Blade Pokémon,100,0,1.6,52,45,5120,68,125,65,65,115,80,Steadfast,,,Justified,1,1,1,1,1,1,0.5,1,1,2,1,1,0.5,2,1,1,1,2,0,0,0,Ralts,Level,Kirlia,"On Male Pokémon, use Dawn Stone",Gallade,,,,Mega Gallade,,"True to its honorable-warrior image, it uses the blades on its elbows only in defense of something or someone."
476,IV,Probopass,Dainose,rock,steel,Compass Pokémon,50,50,1.4,340,60,5120,60,55,145,75,150,40,Sturdy,Magnet Pull,,Sand Force,0.25,1,2,1,1,0.5,4,0,4,0.25,0.5,0.5,0.5,1,0.5,1,1,0.5,0,0,0,Nosepass,Level up while at Blush Mountain/Vast Poni Canyon,Probopass,,,,,,,,"Although it can control its units known as Mini-Noses, they sometimes get lost and don’t come back."
477,IV,Dusknoir,Yonoir,ghost,,Gripper Pokémon,50.2,49.8,2.2,106.6,45,6400,45,100,135,65,135,45,Pressure,,,Frisk,0,1,1,1,1,1,0,0.5,1,1,1,0.5,1,2,1,2,1,1,0,0,0,Duskull,Level ,Dusclops,Trade with  Reaper Cloth,Dusknoir,,,,,,"At the bidding of transmissions from the spirit world, it steals people and Pokémon away. No one knows whether it has a will of its own."
478,IV,Froslass,Yukimenoko,ice,ghost,Snow Land Pokémon,0,100,1.3,26.6,75,5120,70,80,70,80,70,110,Snow Cloak,,,Cursed Body,0,2,1,1,1,0.5,0,0.5,1,1,1,0.5,2,2,1,2,2,1,0,0,0,Snorunt,Level,Glalie,"On Female Pokémon, use Dawn Stone",Froslass,,,,,,"After a woman met her end on a snowy mountain, her regrets lingered on. From them, this Pokémon was born. Its favorite food is frozen souls."
479,IV,Rotom,Rotom,electric,ghost,Plasma Pokémon,,,0.3,0.3,45,5120,50,50,77,95,77,91,Levitate,,,,0,1,1,0.5,1,1,0,0.5,2,0.5,1,0.5,1,2,1,2,0.5,1,0,0,0,Rotom,,,,,,,,,,One boy’s invention led to the development of many different machines that take advantage of Rotom’s unique capabilities.
480,IV,Uxie,Yuxie,psychic,,Knowledge Pokémon,,,0.3,0.3,3,20480,75,75,130,75,130,95,Levitate,,,,1,1,1,1,1,1,0.5,1,1,1,0.5,2,1,2,1,2,1,1,1,0,0,Uxie,,,,,,,,,,Known as “The Being of Knowledge.” It is said that it can wipe out the memory of those who see its eyes.
481,IV,Mesprit,Emrit,psychic,,Emotion Pokémon,,,0.3,0.3,3,20480,80,105,105,105,105,80,Levitate,,,,1,1,1,1,1,1,0.5,1,1,1,0.5,2,1,2,1,2,1,1,1,0,0,Mesprit,,,,,,,,,,"Known as “The Being of Emotion.” It taught humans the nobility of sorrow, pain, and joy."
482,IV,Azelf,Agnome,psychic,,Willpower Pokémon,,,0.3,0.3,3,20480,75,125,70,125,70,115,Levitate,,,,1,1,1,1,1,1,0.5,1,1,1,0.5,2,1,2,1,2,1,1,1,0,0,Azelf,,,,,,,,,,Known as “The Being of Willpower.” It sleeps at the bottom of a lake to keep the world in balance.
483,IV,Dialga,Dialga,steel,dragon,Temporal Pokémon,,,5.4,683,3,30720,100,120,120,150,100,90,Pressure,,,Telepathy,0.5,1,0.5,0.5,0.25,1,2,0,2,0.5,0.5,0.5,0.5,1,1,1,0.5,1,0,1,0,Dialga,,,,,,,,,,A Pokémon spoken of in legend. It is said that time began moving when Dialga was born.
484,IV,Palkia,Palkia,water,dragon,Spatial Pokémon,,,4.2,336,3,30720,90,120,100,150,120,100,Pressure,,,Telepathy,1,0.25,0.25,1,1,1,1,1,1,1,1,1,1,1,2,1,0.5,2,0,1,0,Palkia,,,,,,,,,,It is said to live in a gap in the spatial dimension parallel to ours. It appears in mythology.
485,IV,Heatran,Heatran,fire,steel,Lava Dome Pokémon,50.2,49.8,1.7,430,3,2560,91,90,106,130,106,77,Flash Fire,,,Flame Body,0.5,1,2,1,0.25,0.25,2,0,4,0.5,0.5,0.25,1,1,0.5,1,0.25,0.25,1,0,0,Heatran,,,,,,,,,,It dwells in volcanic caves. It digs in with its cross-shaped feet to crawl on ceilings and walls.
486,IV,Regigigas,Regigigas,normal,,Colossal Pokémon,,,3.7,420,3,30720,110,160,110,80,110,100,Slow Start,,,,1,1,1,1,1,1,2,1,1,1,1,1,1,0,1,1,1,1,1,0,0,Regigigas,,,,,,,,,,"It is said to have made Pokémon that look like itself from a special ice mountain, rocks, and magma."
487,IV,Giratina,Giratina,ghost,dragon,Renegade Pokémon,,,4.5,750,3,30720,150,100,120,100,120,90,Pressure,Levitate (Origin Forme),,Telepathy,0,0.5,0.5,0.5,0.5,2,0,0.5,1,1,1,0.5,1,2,2,2,1,2,0,1,0,Giratina,,,,,,,,,,"This Pokémon is said to live in a world on the reverse side of ours, where common knowledge is distorted and strange."
488,IV,Cresselia,Cresselia,psychic,,Lunar Pokémon,0,100,1.5,85.6,3,30720,120,70,120,75,130,85,Levitate,,,,1,1,1,1,1,1,0.5,1,1,1,0.5,2,1,2,1,2,1,1,1,0,0,Cresselia,,,,,,,,,,Shiny particles are released from its wings like a veil. It is said to represent the crescent moon.
489,IV,Phione,Phione,water,,Sea Drifter Pokémon,,,0.4,3.1,30,10240,80,80,80,80,80,80,Hydration,,,,1,0.5,0.5,2,2,0.5,1,1,1,1,1,1,1,1,1,1,0.5,1,0,0,1,Phione,Breed with Ditto,Manaphy,,,,,,,,"When the water warms, they inflate the flotation sac on their heads and drift languidly on the sea in packs."
490,IV,Manaphy,Manaphy,water,,Seafaring Pokémon,,,0.3,1.4,3,2560,100,100,100,100,100,100,Hydration,,,,1,0.5,0.5,2,2,0.5,1,1,1,1,1,1,1,1,1,1,0.5,1,0,0,1,Phione,Breed with Ditto,Manaphy,,,,,,,,It is born with a wondrous power that lets it bond with any kind of Pokémon.
491,IV,Darkrai,Darkrai,dark,,Pitch-Black Pokémon,,,1.5,50.5,3,30720,70,90,90,135,90,125,Bad Dreams,,,,1,1,1,1,1,1,2,1,1,1,0,2,1,0.5,1,0.5,1,2,0,0,1,Darkrai,,,,,,,,,,"It chases people and Pokémon from its territory by causing them to experience deep, nightmarish slumbers."
492,IV,Shaymin,Shaymin,grass,grass,Gratitude Pokémon,,,0.2,2.1,45,30720,100,100,100,100,100,100,Natural Cure (Land Forme),Serene Grace (Sky Forme),,,1,2,0.5,0.5,0.5,2,1,2,0.5,2,1,2,1,1,1,1,1,1,0,0,1,Shaymin,,,,,,,,,,It can dissolve toxins in the air to instantly transform ruined land into a lush field of flowers.
493,IV,Arceus,Arceus,normal,,Alpha Pokémon,,,3.2,320,3,30720,120,120,120,120,120,120,Multitype,,,,1,1,1,1,1,1,2,1,1,1,1,1,1,0,1,1,1,1,0,0,1,Arceus,,,,,,,,,,"According to the legends of Sinnoh, this Pokémon emerged from an egg and shaped all there is in this world."
494,V,Victini,Victini,psychic,fire,Victory Pokémon,,,0.4,4,3,30720,100,100,100,100,100,100,Victory Star,,,,1,0.5,2,1,0.5,0.5,0.5,1,2,1,0.5,1,2,2,1,2,0.5,0.5,0,0,1,Victini,,,,,,,,,,"This Pokémon brings victory. It is said that Trainers with Victini always win, regardless of the type of encounter."
495,V,Snivy,Tsutarja,grass,,Grass Snake Pokémon,88.1,11.9,0.6,8.1,45,5120,45,45,55,45,55,63,Overgrow,,,Contrary,1,2,0.5,0.5,0.5,2,1,2,0.5,2,1,2,1,1,1,1,1,1,0,0,0,Snivy,Level ,Servine,Level ,Serperior,,,,,,Being exposed to sunlight makes its movements swifter. It uses vines more adeptly than its hands.
496,V,Servine,Janovy,grass,,Grass Snake Pokémon,88.1,11.9,0.8,16,45,5120,60,60,75,60,75,83,Overgrow,,,Contrary,1,2,0.5,0.5,0.5,2,1,2,0.5,2,1,2,1,1,1,1,1,1,0,0,0,Snivy,Level ,Servine,Level ,Serperior,,,,,,"It moves along the ground as if sliding. Its swift movements befuddle its foes, and it then attacks with a vine whip."
497,V,Serperior,Jalorda,grass,,Regal Pokémon,88.1,11.9,3.3,63,45,5120,75,75,95,75,95,113,Overgrow,,,Contrary,1,2,0.5,0.5,0.5,2,1,2,0.5,2,1,2,1,1,1,1,1,1,0,0,0,Snivy,Level ,Servine,Level ,Serperior,,,,,,It only gives its all against strong opponents who are not fazed by the glare from Serperior’s noble eyes.
498,V,Tepig,Pokabu,fire,,Fire Pig Pokémon,88.1,11.9,0.5,9.9,45,5120,65,63,45,45,45,45,Blaze,,,Thick Fat,1,0.5,2,1,0.5,0.5,1,1,2,1,1,0.5,2,1,1,1,0.5,0.5,0,0,0,Tepig,Level ,Pignite,Level ,Emboar,,,,,,It can deftly dodge its foe’s attacks while shooting fireballs from its nose. It roasts berries before it eats them.
499,V,Pignite,Chaoboo,fire,fighting,Fire Pig Pokémon,88.1,11.9,1,55.5,45,5120,90,93,55,70,55,55,Blaze,,,Thick Fat,1,0.5,2,1,0.5,0.5,1,1,2,2,2,0.25,1,1,1,0.5,0.5,1,0,0,0,Tepig,Level ,Pignite,Level ,Emboar,,,,,,"The more it eats, the more fuel it has to make the fire in its stomach stronger. This fills it with even more power."
500,V,Emboar,Enbuoh,fire,fighting,Mega Fire Pig Pokémon,88.1,11.9,1.6,150,45,5120,110,123,65,100,65,65,Blaze,,,Reckless,1,0.5,2,1,0.5,0.5,1,1,2,2,2,0.25,1,1,1,0.5,0.5,1,0,0,0,Tepig,Level ,Pignite,Level ,Emboar,,,,,,It can throw a fire punch by setting its fists on fire with its fiery chin. It cares deeply about its friends.
501,V,Oshawott,Mijumaru,water,,Sea Otter Pokémon,88.1,11.9,0.5,5.9,45,5120,55,55,45,63,45,45,Torrent,,,Shell Armor,1,0.5,0.5,2,2,0.5,1,1,1,1,1,1,1,1,1,1,0.5,1,0,0,0,Oshawott,Level ,Dewott,Level ,Samurott,,,,,,The scalchop on its stomach isn’t just used for battle—it can be used to break open hard berries as well.
502,V,Dewott,Futachimaru,water,,Discipline Pokémon,88.1,11.9,0.8,24.5,45,5120,75,75,60,83,60,60,Torrent,,,Shell Armor,1,0.5,0.5,2,2,0.5,1,1,1,1,1,1,1,1,1,1,0.5,1,0,0,0,Oshawott,Level ,Dewott,Level ,Samurott,,,,,,Strict training is how it learns its flowing double-scalchop technique.
503,V,Samurott,Daikenki,water,,Formidable Pokémon,88.1,11.9,1.5,94.6,45,5120,95,100,85,108,70,70,Torrent,,,Shell Armor,1,0.5,0.5,2,2,0.5,1,1,1,1,1,1,1,1,1,1,0.5,1,0,0,0,Oshawott,Level ,Dewott,Level ,Samurott,,,,,,"In the time it takes a foe to blink, it can draw and sheathe the seamitars attached to its front legs."
504,V,Patrat,Minezumi,normal,,Scout Pokémon,50,50,0.5,11.6,255,3840,45,55,39,35,39,42,Run Away,Keen Eye,,Analytic,1,1,1,1,1,1,2,1,1,1,1,1,1,0,1,1,1,1,0,0,0,Patrat,Level ,Watchog,,,,,,,,"Using food stored in cheek pouches, they can keep watch for days. They use their tails to communicate with others."
505,V,Watchog,Miruhog,normal,,Lookout Pokémon,50,50,1.1,27,255,5120,60,85,69,60,69,77,Illuminate,Keen Eye,,Analytic,1,1,1,1,1,1,2,1,1,1,1,1,1,0,1,1,1,1,0,0,0,Patrat,Level ,Watchog,,,,,,,,"Using luminescent matter, it makes its eyes and body glow and stuns attacking opponents."
506,V,Lillipup,Yorterrie,normal,,Puppy Pokémon,50.2,49.8,0.4,4.1,255,3840,45,60,45,25,45,55,Vital Spirit,Pickup,,Run Away,1,1,1,1,1,1,2,1,1,1,1,1,1,0,1,1,1,1,0,0,0,Lillipup,Level ,Herdier,Level ,Stoutland,,,,,,This Pokémon is courageous but also cautious. It uses the soft fur covering its face to collect information about its surroundings.
507,V,Herdier,Herderrie,normal,,Loyal Dog Pokémon,50.2,49.8,0.9,14.7,120,3840,65,80,65,35,65,60,Intimidate,Sand Rush,,Scrappy,1,1,1,1,1,1,2,1,1,1,1,1,1,0,1,1,1,1,0,0,0,Lillipup,Level ,Herdier,Level ,Stoutland,,,,,,Herdier is a very smart and friendly Pokémon. So much so that there’s a theory that Herdier was the first Pokémon to partner with people.
508,V,Stoutland,Mooland,normal,,Big-Hearted Pokémon,50.2,49.8,1.2,61,45,3840,85,110,90,45,90,80,Intimidate,Sand Rush,,Scrappy,1,1,1,1,1,1,2,1,1,1,1,1,1,0,1,1,1,1,0,0,0,Lillipup,Level ,Herdier,Level ,Stoutland,,,,,,These Pokémon seem to enjoy living with humans. Even a Stoutland caught in the wild will warm up to people in about three days.
509,V,Purrloin,Choroneko,dark,,Devious Pokémon,50.2,49.8,0.4,10.1,255,5120,41,50,37,50,37,66,Limber,Unburden,,Prankster,1,1,1,1,1,1,2,1,1,1,0,2,1,0.5,1,0.5,1,2,0,0,0,Purrloin,Level ,Liepard,,,,,,,,It steals things from people just to amuse itself with their frustration. A rivalry exists between this Pokémon and Nickit.
510,V,Liepard,Lepardas,dark,,Cruel Pokémon,50.2,49.8,1.1,37.5,90,5120,64,88,50,88,50,106,Limber,Unburden,,Prankster,1,1,1,1,1,1,2,1,1,1,0,2,1,0.5,1,0.5,1,2,0,0,0,Purrloin,Level ,Liepard,,,,,,,,Don’t be fooled by its gorgeous fur and elegant figure. This is a moody and vicious Pokémon.
511,V,Pansage,Yanappu,grass,,Grass Monkey Pokémon,88.1,11.9,0.6,10.5,190,5120,50,53,48,53,48,64,Gluttony,,,Overgrow,1,2,0.5,0.5,0.5,2,1,2,0.5,2,1,2,1,1,1,1,1,1,0,0,0,Pansage,Use Leaf Stone,Simisage,,,,,,,,It shares the leaf on its head with weary-looking Pokémon. These leaves are known to relieve stress.
512,V,Simisage,Yanakkie,grass,,Thorn Monkey Pokémon,88.1,11.9,1.1,30.5,75,5120,75,98,63,98,63,101,Gluttony,,,Overgrow,1,2,0.5,0.5,0.5,2,1,2,0.5,2,1,2,1,1,1,1,1,1,0,0,0,Pansage,Use Leaf Stone,Simisage,,,,,,,,It attacks enemies with strikes of its thorn-covered tail. This Pokémon is wild tempered.
513,V,Pansear,Baoppu,fire,,High Temp Pokémon,88.1,11.9,0.6,11,190,5120,50,53,48,53,48,64,Gluttony,,,Blaze,1,0.5,2,1,0.5,0.5,1,1,2,1,1,0.5,2,1,1,1,0.5,0.5,0,0,0,Pansear,Use Fire Stone,Simisear,,,,,,,,"Very intelligent, it roasts berries before eating them. It likes to help people."
514,V,Simisear,Baokkie,fire,,Ember Pokémon,88.1,11.9,1,28,75,5120,75,98,63,98,63,101,Gluttony,,,Blaze,1,0.5,2,1,0.5,0.5,1,1,2,1,1,0.5,2,1,1,1,0.5,0.5,0,0,0,Pansear,Use Fire Stone,Simisear,,,,,,,,A flame burns inside its body. It scatters embers from its head and tail to sear its opponents.
515,V,Panpour,Hiyappu,water,,Spray Pokémon,88.1,11.9,0.6,13.5,190,5120,50,53,48,53,48,64,Gluttony,,,Torrent,1,0.5,0.5,2,2,0.5,1,1,1,1,1,1,1,1,1,1,0.5,1,0,0,0,Panpour,Use Water Stone,Simipour,,,,,,,,The water stored inside the tuft on its head is full of nutrients. It waters plants with it using its tail.
516,V,Simipour,Hiyakkie,water,,Geyser Pokémon,88.1,11.9,1,29,75,5120,75,98,63,98,63,101,Gluttony,,,Torrent,1,0.5,0.5,2,2,0.5,1,1,1,1,1,1,1,1,1,1,0.5,1,0,0,0,Panpour,Use Water Stone,Simipour,,,,,,,,"The high-pressure water expelled from its tail is so powerful, it can destroy a concrete wall."
517,V,Munna,Munna,psychic,,Dream Eater Pokémon,50.2,49.8,0.6,23.3,190,2560,76,25,45,67,55,24,Forewarn,Synchronize,,Telepathy,1,1,1,1,1,1,0.5,1,1,1,0.5,2,1,2,1,2,1,1,0,0,0,Munna,Use Moon Stone,Musharna,,,,,,,,"Late at night, it appears beside people’s pillows. As it feeds on dreams, the patterns on its body give off a faint glow."
518,V,Musharna,Musharna,psychic,,Drowsing Pokémon,50.2,49.8,1.1,60.5,75,2560,116,55,85,107,95,29,Forewarn,Synchronize,,Telepathy,1,1,1,1,1,1,0.5,1,1,1,0.5,2,1,2,1,2,1,1,0,0,0,Munna,Use Moon Stone,Musharna,,,,,,,,"When dark mists emanate from its body, don’t get too near. If you do, your nightmares will become reality."
519,V,Pidove,Mamepato,normal,flying,Tiny Pigeon Pokémon,50.2,49.8,0.3,2.1,255,3840,50,55,50,36,30,43,Big Pecks,Super Luck,,Rivalry,1,1,1,2,0.5,2,1,1,0,1,1,0.5,2,0,1,1,1,1,0,0,0,Pidove,Level ,Tranquill,Level ,Unfezant,,,,,,"Where people go, these Pokémon follow. If you’re scattering food for them, be careful—several hundred of them can gather at once."
520,V,Tranquill,Hatoboh,normal,flying,Wild Pigeon Pokémon,50.2,49.8,0.6,15,120,3840,62,77,62,50,42,65,Big Pecks,Super Luck,,Rivalry,1,1,1,2,0.5,2,1,1,0,1,1,0.5,2,0,1,1,1,1,0,0,0,Pidove,Level ,Tranquill,Level ,Unfezant,,,,,,"It can fly moderately quickly. No matter how far it travels, it can always find its way back to its master and its nest."
521,V,Unfezant,Kenhallow,normal,flying,Proud Pokémon,50.2,49.8,1.2,29,45,3840,80,115,80,65,55,93,Big Pecks,Super Luck,,Rivalry,1,1,1,2,0.5,2,1,1,0,1,1,0.5,2,0,1,1,1,1,0,0,0,Pidove,Level ,Tranquill,Level ,Unfezant,,,,,,"Unfezant are exceptional fliers. The females are known for their stamina, while the males outclass them in terms of speed."
522,V,Blitzle,Shimama,electric,,Electrified Pokémon,50,50,0.8,29.8,190,5120,45,60,32,50,32,76,Lightning Rod,Motor Drive,,Sap Sipper,1,1,1,0.5,1,1,1,1,2,0.5,1,1,1,1,1,1,0.5,1,0,0,0,Blitzle,Level ,Zebstrika,,,,,,,,"When thunderclouds cover the sky, it will appear. It can catch lightning with its mane and store the electricity."
523,V,Zebstrika,Zebraika,electric,,Thunderbolt Pokémon,50,50,1.6,79.5,75,5120,75,100,63,80,63,116,Lightning Rod,Motor Drive,,Sap Sipper,1,1,1,0.5,1,1,1,1,2,0.5,1,1,1,1,1,1,0.5,1,0,0,0,Blitzle,Level ,Zebstrika,,,,,,,,"When this ill-tempered Pokémon runs wild, it shoots lightning from its mane in all directions."
524,V,Roggenrola,Dangoro,rock,,Mantle Pokémon,50.2,49.8,0.4,18,255,3840,55,75,85,25,25,15,Sturdy,Weak Armor,,Sand Force,0.5,0.5,2,1,2,1,2,0.5,2,0.5,1,1,1,1,1,1,2,1,0,0,0,Roggenrola,Level ,Boldore,Trade,Gigalith,,,,,,"It’s as hard as steel, but apparently a long soak in water will cause it to soften a bit."
525,V,Boldore,Gantle,rock,,Ore Pokémon,50.2,49.8,0.9,102,120,3840,70,105,105,50,40,20,Sturdy,Weak Armor,,Sand Force,0.5,0.5,2,1,2,1,2,0.5,2,0.5,1,1,1,1,1,1,2,1,0,0,0,Roggenrola,Level ,Boldore,Trade,Gigalith,,,,,,"If you see its orange crystals start to glow, be wary. It’s about to fire off bursts of energy."
526,V,Gigalith,Gigaiath,rock,,Compressed Pokémon,50.2,49.8,1.7,260,45,3840,85,135,130,60,80,25,Sturdy,Sand Stream,,Sand Force,0.5,0.5,2,1,2,1,2,0.5,2,0.5,1,1,1,1,1,1,2,1,0,0,0,Roggenrola,Level ,Boldore,Trade,Gigalith,,,,,,"This hardy Pokémon can often be found on construction sites and in mines, working alongside people and Copperajah."
527,V,Woobat,Koromori,psychic,flying,Bat Pokémon,50.2,49.8,0.4,2.1,190,3840,65,45,43,55,43,72,Unaware,Klutz,,Simple,1,1,1,2,0.5,2,0.25,1,0,1,0.5,1,2,2,1,2,1,1,0,0,0,Woobat,Level Up with Happiness Value at 220,Swoobat,,,,,,,,"While inside a cave, if you look up and see lots of heart-shaped marks lining the walls, it’s evidence that Woobat live there."
528,V,Swoobat,Kokoromori,psychic,flying,Courting Pokémon,50.2,49.8,0.9,10.5,45,3840,67,57,55,77,55,114,Unaware,Klutz,,Simple,1,1,1,2,0.5,2,0.25,1,0,1,0.5,1,2,2,1,2,1,1,0,0,0,Woobat,Level Up with Happiness Value at 220,Swoobat,,,,,,,,"Emitting powerful sound waves tires it out. Afterward, it won’t be able to fly for a little while."
529,V,Drilbur,Mogurew,ground,,Mole Pokémon,50.2,49.8,0.3,8.5,120,5120,60,85,40,30,45,68,Sand Rush,Sand Force,,Mold Breaker,1,1,2,0,2,2,1,0.5,1,1,1,1,0.5,1,1,1,1,1,0,0,0,Drilbur,Level ,Excadrill,,,,,,,,It brings its claws together and whirls around at high speed before rushing toward its prey.
530,V,Excadrill,Doryuzu,ground,steel,Subterrene Pokémon,50.2,49.8,0.7,40.4,60,5120,110,135,60,50,65,88,Sand Rush,Sand Force,,Mold Breaker,0.5,2,2,0,1,1,2,0,2,0.5,0.5,0.5,0.25,1,0.5,1,0.5,0.5,0,0,0,Drilbur,Level ,Excadrill,,,,,,,,It’s not uncommon for tunnels that appear to have formed naturally to actually be a result of Excadrill’s rampant digging.
531,V,Audino,Tabunne,normal,,Hearing Pokémon,50.2,49.8,1.1,31,255,5120,103,60,86,60,86,50,Healer,Regenerator,,Klutz,1,1,1,1,1,1,2,1,1,1,1,1,1,0,1,1,1,1,0,0,0,Audino,,,,,,,,Mega Audino,,Audino’s sense of hearing is superb. Not even a pebble rolling along over a mile away will escape Audino’s ears.
532,V,Timburr,Dokkorer,fighting,,Muscular Pokémon,75.49,24.51,0.6,12.5,180,5120,75,80,55,25,35,35,Guts,Sheer Force,,Iron Fist,1,1,1,1,1,1,1,1,1,2,2,0.5,0.5,1,1,0.5,1,2,0,0,0,Timburr,Level ,Gurdurr,Trade,Conkeldurr,,,,,,"It loves helping out with construction projects. It loves it so much that if rain causes work to halt, it swings its log around and throws a tantrum."
533,V,Gurdurr,Dotekkotsu,fighting,,Muscular Pokémon,75.49,24.51,1.2,40,90,5120,85,105,85,40,50,40,Guts,Sheer Force,,Iron Fist,1,1,1,1,1,1,1,1,1,2,2,0.5,0.5,1,1,0.5,1,2,0,0,0,Timburr,Level ,Gurdurr,Trade,Conkeldurr,,,,,,"It shows off its muscles to Machoke and other Gurdurr. If it fails to measure up to the other Pokémon, it lies low for a little while."
534,V,Conkeldurr,Roubushin,fighting,,Muscular Pokémon,75.49,24.51,1.4,87,45,5120,105,140,95,55,65,45,Guts,Sheer Force,,Iron Fist,1,1,1,1,1,1,1,1,1,2,2,0.5,0.5,1,1,0.5,1,2,0,0,0,Timburr,Level ,Gurdurr,Trade,Conkeldurr,,,,,,"Concrete mixed by Conkeldurr is much more durable than normal concrete, even when the compositions of the two materials are the same."
535,V,Tympole,Otamaro,water,,Tadpole Pokémon,50.2,49.8,0.5,4.5,255,5120,50,50,40,50,40,64,Swift Swim,Hydration,,Water Absorb,1,0.5,0.5,2,2,0.5,1,1,1,1,1,1,1,1,1,1,0.5,1,0,0,0,Tympole,Level ,Palpitoad,Level ,Seismitoad,,,,,,Graceful ripples running across the water’s surface are a sure sign that Tympole are singing in high-pitched voices below.
536,V,Palpitoad,Gamagaru,water,ground,Vibration Pokémon,50.2,49.8,0.8,17,120,5120,75,65,55,65,55,69,Swift Swim,Hydration,,Water Absorb,1,0.5,1,0,4,1,1,0.5,1,1,1,1,0.5,1,1,1,0.5,1,0,0,0,Tympole,Level ,Palpitoad,Level ,Seismitoad,,,,,,"It weakens its prey with sound waves intense enough to cause headaches, then entangles them with its sticky tongue."
537,V,Seismitoad,Gamageroge,water,ground,Vibration Pokémon,50.2,49.8,1.5,62,45,5120,105,95,75,85,75,74,Swift Swim,Poison Touch,,Water Absorb,1,0.5,1,0,4,1,1,0.5,1,1,1,1,0.5,1,1,1,0.5,1,0,0,0,Tympole,Level ,Palpitoad,Level ,Seismitoad,,,,,,The vibrating of the bumps all over its body causes earthquake-like tremors. Seismitoad and Croagunk are similar species.
538,V,Throh,Nageki,fighting,,Judo Pokémon,100,0,1.3,55.5,45,5120,120,100,85,30,85,45,Guts,Inner Focus,,Mold Breaker,1,1,1,1,1,1,1,1,1,2,2,0.5,0.5,1,1,0.5,1,2,0,0,0,Throh,,,,,,,,,,"It performs throwing moves with first-rate skill. Over the course of many battles, Throh’s belt grows darker as it absorbs its wearer’s sweat."
539,V,Sawk,Dageki,fighting,,Karate Pokémon,100,0,1.4,51,45,5120,75,125,75,30,75,85,Sturdy,Inner Focus,,Mold Breaker,1,1,1,1,1,1,1,1,1,2,2,0.5,0.5,1,1,0.5,1,2,0,0,0,Sawk,,,,,,,,,,"If you see a Sawk training in the mountains in its single-minded pursuit of strength, it’s best to quietly pass by."
540,V,Sewaddle,Kurumiru,bug,grass,Sewing Pokémon,50,50,0.3,2.5,255,3840,45,53,70,40,60,42,Swarm,Chlorophyll,,Overcoat,1,4,0.5,0.5,0.25,2,0.5,2,0.25,4,1,2,2,1,1,1,1,1,0,0,0,Sewaddle,Level ,Swadloon,Level Up with Happiness Value at 220,Leavanny,,,,,,This Pokémon makes clothes for itself. It chews up leaves and sews them with sticky thread extruded from its mouth.
541,V,Swadloon,Kurumayu,bug,grass,Leaf-Wrapped Pokémon,50,50,0.5,7.3,120,3840,55,63,90,50,80,42,Leaf Guard,Chlorophyll,,Overcoat,1,4,0.5,0.5,0.25,2,0.5,2,0.25,4,1,2,2,1,1,1,1,1,0,0,0,Sewaddle,Level ,Swadloon,Level Up with Happiness Value at 220,Leavanny,,,,,,Forests where Swadloon live have superb foliage because the nutrients they make from fallen leaves nourish the plant life.
542,V,Leavanny,Hahakomori,bug,grass,Nurturing Pokémon,50,50,1.2,20.5,45,3840,75,103,80,70,80,92,Swarm,Chlorophyll,,Overcoat,1,4,0.5,0.5,0.25,2,0.5,2,0.25,4,1,2,2,1,1,1,1,1,0,0,0,Sewaddle,Level ,Swadloon,Level Up with Happiness Value at 220,Leavanny,,,,,,"Upon finding a small Pokémon, it weaves clothing for it from leaves by using the sticky silk secreted from its mouth."
543,V,Venipede,Fushide,bug,poison,Centipede Pokémon,50.2,49.8,0.4,5.3,255,3840,30,45,59,30,39,57,Poison Point,Swarm,,Speed Boost,1,2,1,1,0.25,1,0.25,0.5,1,2,2,0.5,2,1,1,1,1,0.5,0,0,0,Venipede,Level ,Whirlipede,Level ,Scolipede,,,,,,"Venipede and Sizzlipede are similar species, but when the two meet, a huge fight ensues."
544,V,Whirlipede,Wheega,bug,poison,Curlipede Pokémon,50.2,49.8,1.2,58.5,120,3840,40,55,99,40,79,47,Poison Point,Swarm,,Speed Boost,1,2,1,1,0.25,1,0.25,0.5,1,2,2,0.5,2,1,1,1,1,0.5,0,0,0,Venipede,Level ,Whirlipede,Level ,Scolipede,,,,,,This Pokémon spins itself rapidly and charges into its opponents. Its top speed is just over 60 mph.
545,V,Scolipede,Pendror,bug,poison,Megapede Pokémon,50.2,49.8,2.5,200.5,45,5120,60,100,89,55,69,112,Poison Point,Swarm,,Speed Boost,1,2,1,1,0.25,1,0.25,0.5,1,2,2,0.5,2,1,1,1,1,0.5,0,0,0,Venipede,Level ,Whirlipede,Level ,Scolipede,,,,,,Scolipede latches on to its prey with the claws on its neck before slamming them into the ground and jabbing them with its claws’ toxic spikes.
546,V,Cottonee,Monmen,grass,fairy,Cotton Puff Pokémon,50.2,49.8,0.3,0.6,190,5120,40,27,60,37,50,66,Prankster,Infiltrator,,Chlorophyll,1,2,0.5,0.5,0.5,2,0.5,4,0.5,2,1,1,1,1,0,0.5,2,1,0,0,0,Cottonee,Use Sun Stone,Whimsicott,,,,,,,,"It shoots cotton from its body to protect itself. If it gets caught up in hurricane-strength winds, it can get sent to the other side of the Earth."
547,V,Whimsicott,Elfuun,grass,fairy,Windveiled Pokémon,50.2,49.8,0.7,6.6,75,5120,60,67,85,77,75,116,Prankster,Infiltrator,,Chlorophyll,1,2,0.5,0.5,0.5,2,0.5,4,0.5,2,1,1,1,1,0,0.5,2,1,0,0,0,Cottonee,Use Sun Stone,Whimsicott,,,,,,,,"It scatters cotton all over the place as a prank. If it gets wet, it’ll become too heavy to move and have no choice but to answer for its mischief."
548,V,Petilil,Churine,grass,,Bulb Pokémon,0,100,0.5,6.6,190,5120,45,35,50,70,50,30,Chlorophyll,Own Tempo,,Leaf Guard,1,2,0.5,0.5,0.5,2,1,2,0.5,2,1,2,1,1,1,1,1,1,0,0,0,Petilil,Use Sun Stone,Lilligant,,,,,,,,Petilil appears around sources of clean water. Boiling leaves from this Pokémon’s head results in a liquid that’s sometimes used as a bug repellent.
549,V,Lilligant,Dredear,grass,,Flowering Pokémon,0,100,1.1,16.3,75,5120,70,60,75,110,75,90,Chlorophyll,Own Tempo,,Leaf Guard,1,2,0.5,0.5,0.5,2,1,2,0.5,2,1,2,1,1,1,1,1,1,0,0,0,Petilil,Use Sun Stone,Lilligant,,,,,,,,It’s believed that even first-rate gardeners have a hard time getting the flower on a Lilligant’s head to bloom.
550,V,Basculin,Bassrao,water,,Hostile Pokémon,50.2,49.8,1,18,25,10240,70,92,65,80,55,98,Reckless (Red-Striped Form),Rock Head (Blue-Striped Form),Adaptability,,1,0.5,0.5,2,2,0.5,1,1,1,1,1,1,1,1,1,1,0.5,1,0,0,0,Basculin,,,,,,,,,,Anglers love the fight this Pokémon puts up on the hook. And there are always more to catch— many people release them into lakes illicitly.
551,V,Sandile,Meguroco,ground,dark,Desert Croc Pokémon,50.2,49.8,0.7,15.2,180,5120,50,72,35,35,35,65,Intimidate,Moxie,,Anger Point,1,1,2,0,2,2,2,0.5,1,1,0,2,0.5,0.5,1,0.5,1,2,0,0,0,Sandile,Level ,Krokorok,Level ,Krookodile,,,,,,"The desert gets cold at night, so when the sun sets, this Pokémon burrows deep into the sand and sleeps until sunrise."
552,V,Krokorok,Waruvile,ground,dark,Desert Croc Pokémon,50.2,49.8,1,33.4,90,5120,60,82,45,45,45,74,Intimidate,Moxie,,Anger Point,1,1,2,0,2,2,2,0.5,1,1,0,2,0.5,0.5,1,0.5,1,2,0,0,0,Sandile,Level ,Krokorok,Level ,Krookodile,,,,,,Krokorok has specialized eyes that enable it to see in the dark. This ability lets Krokorok hunt in the dead of night without getting lost.
553,V,Krookodile,Waruvial,ground,dark,Intimidation Pokémon,50.2,49.8,1.5,96.3,45,5120,95,117,80,65,70,92,Intimidate,Moxie,,Anger Point,1,1,2,0,2,2,2,0.5,1,1,0,2,0.5,0.5,1,0.5,1,2,0,0,0,Sandile,Level ,Krokorok,Level ,Krookodile,,,,,,This Pokémon is known as the Bully of the Sands. Krookodile’s mighty jaws can bite through heavy plates of iron with almost no effort at all.
554,V,Darumaka,Darumakka,fire,ice,Zen Charm Pokémon,50.2,49.8,0.6,37.5,120,5120,70,90,45,15,45,50,Hustle,,,Hustle- Inner Focus,1,0.5,2,1,0.5,0.5,1,1,2,1,1,0.5,2,1,1,1,0.5,0.5,0,0,0,Darumaka,Level,Darmanitan,,,,,,,,"It derives its power from fire burning inside its body. If the fire dwindles, this Pokémon will immediately fall asleep."
555,V,Darmanitan,Hihidaruma,fire,fire,Blazing Pokémon,50.2,49.8,1.3,92.9,60,5120,105,140,55,30,55,95,Sheer Force,,,Gorilla Tactics- Zen Mode,1,0.5,2,1,0.5,0.5,1,1,2,1,1,0.5,2,1,1,1,0.5,0.5,0,0,0,Darumaka,Level,Darmanitan,,,,,,,,The thick arms of this hot-blooded Pokémon can deliver punches capable of obliterating a dump truck.
556,V,Maractus,Maracacchi,grass,,Cactus Pokémon,50.2,49.8,1,28,255,5120,75,86,67,106,67,60,Water Absorb,Chlorophyll,,Storm Drain,1,2,0.5,0.5,0.5,2,1,2,0.5,2,1,2,1,1,1,1,1,1,0,0,0,Maractus,,,,,,,,,,"With noises that could be mistaken for the rattles of maracas, it creates an upbeat rhythm, startling bird Pokémon and making them fly off in a hurry."
557,V,Dwebble,Ishizumai,bug,rock,Rock Inn Pokémon,50.2,49.8,0.3,14.5,190,5120,50,65,85,35,35,55,Sturdy,Shell Armor,,Weak Armor,0.5,1,2,1,1,1,1,0.5,1,1,1,1,2,1,1,1,2,1,0,0,0,Dwebble,Level ,Crustle,,,,,,,,"When it finds a stone appealing, it creates a hole inside it and uses it as its home. This Pokémon is the natural enemy of Roggenrola and Rolycoly."
558,V,Crustle,Iwapalace,bug,rock,Stone Home Pokémon,50.2,49.8,1.4,200,75,5120,70,105,125,65,75,45,Sturdy,Shell Armor,,Weak Armor,0.5,1,2,1,1,1,1,0.5,1,1,1,1,2,1,1,1,2,1,0,0,0,Dwebble,Level ,Crustle,,,,,,,,This highly territorial Pokémon prefers dry climates. It won’t come out of its boulder on rainy days.
559,V,Scraggy,Zuruggu,dark,fighting,Shedding Pokémon,50.2,49.8,0.6,11.8,180,3840,50,75,70,35,70,48,Shed Skin,Moxie,,Intimidate,1,1,1,1,1,1,2,1,1,2,0,1,0.5,0.5,1,0.25,1,4,0,0,0,Scraggy,Level ,Scrafty,,,,,,,,"If it locks eyes with you, watch out! Nothing and no one is safe from the reckless headbutts of this troublesome Pokémon."
560,V,Scrafty,Zuruzukin,dark,fighting,Hoodlum Pokémon,50.2,49.8,1.1,30,90,3840,65,90,115,45,115,58,Shed Skin,Moxie,,Intimidate,1,1,1,1,1,1,2,1,1,2,0,1,0.5,0.5,1,0.25,1,4,0,0,0,Scraggy,Level ,Scrafty,,,,,,,,"As halfhearted as this Pokémon’s kicks may seem, they pack enough power to shatter Conkeldurr’s concrete pillars."
561,V,Sigilyph,Symboler,psychic,flying,Avianoid Pokémon,50.2,49.8,1.4,14,45,5120,72,58,80,103,80,97,Wonder Skin ,Magic Guard,,Tinted Lens,1,1,1,2,0.5,2,0.25,1,0,1,0.5,1,2,2,1,2,1,1,0,0,0,Sigilyph,,,,,,,,,,Psychic power allows these Pokémon to fly. Some say they were the guardians of an ancient city. Others say they were the guardians’ emissaries.
562,V,Yamask,Desumasu,ghost,ground,Spirit Pokémon,50.2,49.8,0.5,1.5,190,6400,38,30,85,55,65,30,Mummy (Normal Forme),Wandering Spirit (Galarian Form),,,0,1,1,1,1,1,0,0.5,1,1,1,0.5,1,2,1,2,1,1,0,0,0,Yamask,Level 34,Cofagrigus,,,,,,,,"It wanders through ruins by night, carrying a mask that’s said to have been the face it had when it was still human."
563,V,Cofagrigus,Desukarn,ghost,,Coffin Pokémon,50.2,49.8,1.7,76.5,90,6400,58,50,145,95,105,30,Mummy,,,,0,1,1,1,1,1,0,0.5,1,1,1,0.5,1,2,1,2,1,1,0,0,0,Yamask,Level 34,Cofagrigus,,,,,,,,This Pokémon has a body of sparkling gold. People say it no longer remembers that it was once human.
564,V,Tirtouga,Protoga,water,rock,Prototurtle Pokémon,88.14,11.86,0.7,16.5,45,7680,54,78,103,53,45,22,Solid Rock,Sturdy,,Swift Swim,0.5,0.25,1,2,4,0.5,2,0.5,2,0.5,1,1,1,1,1,1,1,1,0,0,0,Tirtouga,Level ,Carracosta,,,,,,,,"This Pokémon inhabited ancient seas. Although it can only crawl, it still comes up onto land in search of prey."
565,V,Carracosta,Abagoura,water,rock,Prototurtle Pokémon,88.14,11.86,1.2,81,45,7680,74,108,133,83,65,32,Solid Rock,Sturdy,,Swift Swim,0.5,0.25,1,2,4,0.5,2,0.5,2,0.5,1,1,1,1,1,1,1,1,0,0,0,Tirtouga,Level ,Carracosta,,,,,,,,"Carracosta completely devours its prey—bones, shells, and all. Because of this, Carracosta’s own shell grows thick and sturdy."
566,V,Archen,Archen,rock,flying,First Bird Pokémon,88.14,11.86,0.5,9.5,45,7680,55,112,45,74,45,70,Defeatist,,,,0.5,0.5,2,2,1,2,1,0.5,0,0.5,1,0.5,2,1,1,1,2,1,0,0,0,Archen,Level ,Archeops,,,,,,,,"This Pokémon was successfully restored from a fossil. As research suggested, Archen is unable to fly. But it’s very good at jumping."
567,V,Archeops,Archeos,rock,flying,First Bird Pokémon,88.14,11.86,1.4,32,45,7680,75,140,65,112,65,110,Defeatist,,,,0.5,0.5,2,2,1,2,1,0.5,0,0.5,1,0.5,2,1,1,1,2,1,0,0,0,Archen,Level ,Archeops,,,,,,,,"It needs a running start to take off. If Archeops wants to fly, it first needs to run nearly 25 mph, building speed over a course of about 2.5 miles."
568,V,Trubbish,Yabukuron,poison,,Trash Bag Pokémon,50.2,49.8,0.6,31,190,5120,50,50,62,40,62,65,Stench,Sticky Hold,,Aftermath,1,1,1,1,0.5,1,0.5,0.5,2,1,2,0.5,1,1,1,1,1,0.5,0,0,0,Trubbish,Level ,Garbodor,,,,,,,,"Its favorite places are unsanitary ones. If you leave trash lying around, you could even find one of these Pokémon living in your room."
569,V,Garbodor,Dustdas,poison,,Trash Heap Pokémon,50.2,49.8,1.9,107.3,60,5120,80,95,82,60,82,75,Stench,Weak Armor,,Aftermath,1,1,1,1,0.5,1,0.5,0.5,2,1,2,0.5,1,1,1,1,1,0.5,0,0,0,Trubbish,Level ,Garbodor,,,,,Gigantamax Garbodor,,,"This Pokémon eats trash, which turns into poison inside its body. The main component of the poison depends on what sort of trash was eaten."
570,V,Zorua,Zorua,dark,,Tricky Fox Pokémon,88.14,11.86,0.7,12.5,75,6400,40,65,40,80,40,65,Illusion,,,,1,1,1,1,1,1,2,1,1,1,0,2,1,0.5,1,0.5,1,2,0,0,0,Zorua,Level ,Zoroark,,,,,,,,Zorua is a timid Pokémon. This disposition seems to be what led to the development of Zorua’s ability to take on the forms of other creatures.
571,V,Zoroark,Zoroark,dark,,Illusion Fox Pokémon,88.14,11.86,1.6,81.1,45,5120,60,105,60,120,60,105,Illusion,,,,1,1,1,1,1,1,2,1,1,1,0,2,1,0.5,1,0.5,1,2,0,0,0,Zorua,Level ,Zoroark,,,,,,,,"This Pokémon cares deeply about others of its kind, and it will conjure terrifying illusions to keep its den and pack safe."
572,V,Minccino,Chillarmy,normal,,Chinchilla Pokémon,24.9,75.1,0.4,5.8,255,3840,55,50,40,40,40,75,Cute Charm,Technician,,Skill Link,1,1,1,1,1,1,2,1,1,1,1,1,1,0,1,1,1,1,0,0,0,Minccino,Use Shiny Stone,Cinccino,,,,,,,,The way it brushes away grime with its tail can be helpful when cleaning. But its focus on spotlessness can make cleaning more of a hassle.
573,V,Cinccino,Chillaccino,normal,,Scarf Pokémon,24.9,75.1,0.5,7.5,60,3840,75,95,60,65,60,115,Cute Charm,Technician,,Skill Link,1,1,1,1,1,1,2,1,1,1,1,1,1,0,1,1,1,1,0,0,0,Minccino,Use Shiny Stone,Cinccino,,,,,,,,Its body secretes oil that this Pokémon spreads over its nest as a coating to protect it from dust. Cinccino won’t tolerate even a speck of the stuff.
574,V,Gothita,Gothimu,psychic,,Fixation Pokémon,24.9,75.1,0.4,5.8,200,5120,45,30,50,55,65,45,Frisk,Competitive,,Shadow Tag,1,1,1,1,1,1,0.5,1,1,1,0.5,2,1,2,1,2,1,1,0,0,0,Gothita,Level ,Gothorita,Level ,Gothitelle,,,,,,"Though they’re still only babies, there’s psychic power stored in their ribbonlike feelers, and sometimes they use that power to fight."
575,V,Gothorita,Gothimiru,psychic,,Manipulate Pokémon,24.9,75.1,0.7,18,100,5120,60,45,70,75,85,55,Frisk,Competitive,,Shadow Tag,1,1,1,1,1,1,0.5,1,1,1,0.5,2,1,2,1,2,1,1,0,0,0,Gothita,Level ,Gothorita,Level ,Gothitelle,,,,,,"It’s said that when stars shine in the night sky, this Pokémon will spirit away sleeping children. Some call it the Witch of Punishment."
576,V,Gothitelle,Gothiruselle,psychic,,Astral Body Pokémon,24.9,75.1,1.5,44,50,5120,70,55,95,95,110,65,Frisk,Competitive,,Shadow Tag,1,1,1,1,1,1,0.5,1,1,1,0.5,2,1,2,1,2,1,1,0,0,0,Gothita,Level ,Gothorita,Level ,Gothitelle,,,,,,"It has tremendous psychic power, but it dislikes conflict. It’s also able to predict the future based on the movement of the stars."
577,V,Solosis,Uniran,psychic,,Cell Pokémon,50.2,49.8,0.3,1,200,5120,45,30,40,105,50,20,Overcoat,Magic Guard,,Regenerator,1,1,1,1,1,1,0.5,1,1,1,0.5,2,1,2,1,2,1,1,0,0,0,Solosis,Level ,Duosion,Level ,Reuniclus,,,,,,"It communicates with others telepathically. Its body is encapsulated in liquid, but if it takes a heavy blow, the liquid will leak out."
578,V,Duosion,Doublan,psychic,,Mitosis Pokémon,50.2,49.8,0.6,8,100,5120,65,40,50,125,60,30,Overcoat,Magic Guard,,Regenerator,1,1,1,1,1,1,0.5,1,1,1,0.5,2,1,2,1,2,1,1,0,0,0,Solosis,Level ,Duosion,Level ,Reuniclus,,,,,,Its psychic power can supposedly cover a range of more than half a mile—but only if its two brains can agree with each other.
579,V,Reuniclus,Lanculus,psychic,,Multiplying Pokémon,50.2,49.8,1,20.1,50,5120,110,65,75,125,85,30,Overcoat,Magic Guard,,Regenerator,1,1,1,1,1,1,0.5,1,1,1,0.5,2,1,2,1,2,1,1,0,0,0,Solosis,Level ,Duosion,Level ,Reuniclus,,,,,,"While it could use its psychic abilities in battle, this Pokémon prefers to swing its powerful arms around to beat opponents into submission."
580,V,Ducklett,Koaruhie,water,flying,Water Bird Pokémon,50,50,0.5,5.5,190,5120,62,44,50,44,50,55,Keen Eye,Big Pecks,,Hydration,1,0.5,0.5,4,1,1,0.5,1,0,1,1,0.5,2,1,1,1,0.5,1,0,0,0,Ducklett,Level ,Swanna,,,,,,,,"When attacked, it uses its feathers to splash water, escaping under cover of the spray."
581,V,Swanna,Swanna,water,flying,White Bird Pokémon,50,50,1.3,24.2,45,5120,75,87,63,87,63,98,Keen Eye,Big Pecks,,Hydration,1,0.5,0.5,4,1,1,0.5,1,0,1,1,0.5,2,1,1,1,0.5,1,0,0,0,Ducklett,Level ,Swanna,,,,,,,,"Despite their elegant appearance, they can flap their wings strongly and fly for thousands of miles."
582,V,Vanillite,Vanipeti,ice,,Fresh Snow Pokémon,50.2,49.8,0.4,5.7,255,5120,36,50,50,65,60,44,Ice Body,Snow Cloak,,Weak Armor,1,2,1,1,1,0.5,2,1,1,1,1,1,2,1,1,1,2,1,0,0,0,Vanillite,Level ,Vanillish,Level ,Vanilluxe,,,,,,"Unable to survive in hot areas, it makes itself comfortable by breathing out air cold enough to cause snow. It burrows into the snow to sleep."
583,V,Vanillish,Vanirich,ice,,Icy Snow Pokémon,50.2,49.8,1.1,41,120,5120,51,65,65,80,75,59,Ice Body,Snow Cloak,,Weak Armor,1,2,1,1,1,0.5,2,1,1,1,1,1,2,1,1,1,2,1,0,0,0,Vanillite,Level ,Vanillish,Level ,Vanilluxe,,,,,,"By drinking pure water, it grows its icy body. This Pokémon can be hard to find on days with warm, sunny weather."
584,V,Vanilluxe,Baivanilla,ice,,Snowstorm Pokémon,50.2,49.8,1.3,57.5,45,5120,71,95,85,110,95,79,Ice Body,Snow Warning,,Weak Armor,1,2,1,1,1,0.5,2,1,1,1,1,1,2,1,1,1,2,1,0,0,0,Vanillite,Level ,Vanillish,Level ,Vanilluxe,,,,,,"When its anger reaches a breaking point, this Pokémon unleashes a fierce blizzard that freezes every creature around it, be they friend or foe."
585,V,Deerling,Shikijika,normal,grass,Season Pokémon,50,50,0.6,19.5,190,5120,60,60,50,40,50,75,Chlorophyll,Sap Sipper,,Serene Grace,1,2,0.5,0.5,0.5,2,2,2,0.5,2,1,2,1,0,1,1,1,1,0,0,0,Deerling,Level ,Sawsbuck,,,,,,,,Their coloring changes according to the seasons and can be slightly affected by the temperature and humidity as well.
586,V,Sawsbuck,Mebukijika,normal,grass,Season Pokémon,50,50,1.9,92.5,75,5120,80,100,70,60,70,95,Chlorophyll,Sap Sipper,,Serene Grace,1,2,0.5,0.5,0.5,2,2,2,0.5,2,1,2,1,0,1,1,1,1,0,0,0,Deerling,Level ,Sawsbuck,,,,,,,,They migrate according to the seasons. People can tell the season by looking at Sawsbuck’s horns.
587,V,Emolga,Emonga,electric,flying,Sky Squirrel Pokémon,50.2,49.8,0.4,5,200,5120,55,75,60,75,60,103,Static,,,Motor Drive,1,1,1,1,0.5,2,0.5,1,0,0.5,1,0.5,2,1,1,1,0.5,1,0,0,0,Emolga,,,,,,,,,,"As Emolga flutters through the air, it crackles with electricity. This Pokémon is cute, but it can cause a lot of trouble."
588,V,Karrablast,Kaburumo,bug,,Clamping Pokémon,50.2,49.8,0.5,5.9,200,3840,50,75,45,40,45,60,Swarm,Shed Skin,,No Guard,1,2,1,1,0.5,1,0.5,1,0.5,2,1,1,2,1,1,1,1,1,0,0,0,Karrablast,Trade with ,Escavalier,,,,,,,,Its strange physiology reacts to electrical energy in interesting ways. The presence of a Shelmet will cause this Pokémon to evolve.
589,V,Escavalier,Chevargo,bug,steel,Cavalry Pokémon,50.2,49.8,1,33,75,3840,70,135,105,60,105,20,Swarm,Shell Armor,,Overcoat,0.5,4,1,1,0.25,0.5,1,0,1,1,0.5,0.5,1,1,0.5,1,0.5,0.5,0,0,0,Karrablast,Trade with ,Escavalier,,,,,,,,They use shells they’ve stolen from Shelmet to arm and protect themselves. They’re very popular Pokémon in the Galar region.
590,V,Foongus,Tamagetake,grass,poison,Mushroom Pokémon,50.2,49.8,0.2,1,190,5120,69,55,45,55,55,15,Effect Spore,,,Regenerator,1,2,0.5,0.5,0.25,2,0.5,1,1,2,2,1,1,1,1,1,1,0.5,0,0,0,Foongus,Level ,Amoonguss,,,,,,,,No one knows what the Poké Ball–like pattern on Foongus means or why Foongus has it.
591,V,Amoonguss,Morobareru,grass,poison,Mushroom Pokémon,50.2,49.8,0.6,10.5,75,5120,114,85,70,85,80,30,Effect Spore,,,Regenerator,1,2,0.5,0.5,0.25,2,0.5,1,1,2,2,1,1,1,1,1,1,0.5,0,0,0,Foongus,Level ,Amoonguss,,,,,,,,"This Pokémon puffs poisonous spores at its foes. If the spores aren’t washed off quickly, they’ll grow into mushrooms wherever they land."
592,V,Frillish,Pururill,water,ghost,Floating Pokémon,50.2,49.8,1.2,33,190,5120,55,40,50,65,85,40,Water Absorb,Cursed Body,,Damp,0,0.5,0.5,2,2,0.5,0,0.5,1,1,1,0.5,1,2,1,2,0.5,1,0,0,0,Frillish,Level ,Jellicent,,,,,,,,"It envelops its prey in its veillike arms and draws it down to the deeps, five miles below the ocean’s surface."
593,V,Jellicent,Burungel,water,ghost,Floating Pokémon,50.2,49.8,2.2,135,60,5120,100,60,70,85,105,60,Water Absorb,Cursed Body,,Damp,0,0.5,0.5,2,2,0.5,0,0.5,1,1,1,0.5,1,2,1,2,0.5,1,0,0,0,Frillish,Level ,Jellicent,,,,,,,,Most of this Pokémon’s body composition is identical to sea water. It makes sunken ships its lair.
594,V,Alomomola,Mamanbou,water,,Caring Pokémon,50,50,1.2,31.6,75,10240,165,75,80,40,45,65,Healer,Hydration,,Regenerator,1,0.5,0.5,2,2,0.5,1,1,1,1,1,1,1,1,1,1,0.5,1,0,0,0,Alomomola,,,,,,,,,,"Fishermen take them along on long voyages, because if you have an Alomomola with you, there’ll be no need for a doctor or medicine."
595,V,Joltik,Bachuru,bug,electric,Attaching Pokémon,50.2,49.8,0.1,0.6,190,5120,50,47,50,57,50,65,Compoundeyes,Unnerve,,Swarm,1,2,1,0.5,0.5,1,0.5,1,1,1,1,1,2,1,1,1,0.5,1,0,0,0,Joltik,Level ,Galvantula,,,,,,,,Joltik can be found clinging to other Pokémon. It’s soaking up static electricity because it can’t produce a charge on its own.
596,V,Galvantula,Dentula,bug,electric,EleSpider Pokémon,50.2,49.8,0.8,14.3,75,5120,70,77,60,97,60,108,Compoundeyes,Unnerve,,Swarm,1,2,1,0.5,0.5,1,0.5,1,1,1,1,1,2,1,1,1,0.5,1,0,0,0,Joltik,Level ,Galvantula,,,,,,,,It launches electrified fur from its abdomen as its means of attack. Opponents hit by the fur could be in for three full days and nights of paralysis.
597,V,Ferroseed,Tesseed,grass,steel,Thorn Seed Pokémon,50.2,49.8,0.6,18.8,255,5120,44,50,91,24,86,10,Iron Barbs,,,,0.5,4,0.5,0.5,0.25,1,2,0,1,1,0.5,1,0.5,1,0.5,1,0.5,0.5,0,0,0,Ferroseed,Level ,Ferrothorn,,,,,,,,"It defends itself by launching spikes, but its aim isn’t very good at first. Only after a lot of practice will it improve."
598,V,Ferrothorn,Nutrey,grass,steel,Thorn Pod Pokémon,50.2,49.8,1,110,90,5120,74,94,131,54,116,20,Iron Barbs,,,Anticipation,0.5,4,0.5,0.5,0.25,1,2,0,1,1,0.5,1,0.5,1,0.5,1,0.5,0.5,0,0,0,Ferroseed,Level ,Ferrothorn,,,,,,,,"This Pokémon scrapes its spikes across rocks, and then uses the tips of its feelers to absorb the nutrients it finds within the stone."
599,V,Klink,Giaru,steel,,Gear Pokémon,,,0.3,21,130,5120,40,55,70,45,60,30,Plus,Minus,,Clear Body,0.5,2,1,1,0.5,0.5,2,0,2,0.5,0.5,0.5,0.5,1,0.5,1,0.5,0.5,0,0,0,Klink,Level ,Klang,Level ,Klinklang,,,,,,The two minigears that compose this Pokémon are closer than twins. They mesh well only with each other.
600,V,Klang,Gigiaru,steel,,Gear Pokémon,,,0.6,51,60,5120,60,80,95,70,85,50,Plus,Minus,,Clear Body,0.5,2,1,1,0.5,0.5,2,0,2,0.5,0.5,0.5,0.5,1,0.5,1,0.5,0.5,0,0,0,Klink,Level ,Klang,Level ,Klinklang,,,,,,"When Klang goes all out, the minigear links up perfectly with the outer part of the big gear, and this Pokémon’s rotation speed increases sharply."
601,V,Klinklang,Gigigiaru,steel,,Gear Pokémon,,,0.6,81,30,5120,60,100,115,70,85,90,Plus,Minus,,Clear Body,0.5,2,1,1,0.5,0.5,2,0,2,0.5,0.5,0.5,0.5,1,0.5,1,0.5,0.5,0,0,0,Klink,Level ,Klang,Level ,Klinklang,,,,,,"From its spikes, it launches powerful blasts of electricity. Its red core contains an enormous amount of energy."
602,V,Tynamo,Shibishirasu,electric,,EleFish Pokémon,50,50,0.2,0.3,190,5120,35,55,40,45,40,60,Levitate,,,,1,1,1,0.5,1,1,1,1,2,0.5,1,1,1,1,1,1,0.5,1,0,0,0,Tynamo,Level ,Eelektrik,Use Thunder Stone,Eelektross,,,,,,"While one alone doesn’t have much power, a chain of many Tynamo can be as powerful as lightning."
603,V,Eelektrik,Shibibeel,electric,,EleFish Pokémon,50,50,1.2,22,60,5120,65,85,70,75,70,40,Levitate,,,,1,1,1,0.5,1,1,1,1,2,0.5,1,1,1,1,1,1,0.5,1,0,0,0,Tynamo,Level ,Eelektrik,Use Thunder Stone,Eelektross,,,,,,It wraps itself around its prey and paralyzes it with electricity from the round spots on its sides. Then it chomps.
604,V,Eelektross,Shibirudon,electric,,EleFish Pokémon,50,50,2.1,80.5,30,5120,85,115,80,105,80,50,Levitate,,,,1,1,1,0.5,1,1,1,1,2,0.5,1,1,1,1,1,1,0.5,1,0,0,0,Tynamo,Level ,Eelektrik,Use Thunder Stone,Eelektross,,,,,,"With their sucker mouths, they suck in prey. Then they use their fangs to shock the prey with electricity."
605,V,Elgyem,Ligray,psychic,,Cerebral Pokémon,50.2,49.8,0.5,9,255,5120,55,55,55,85,55,30,Telepathy,Synchronize,,Analytic,1,1,1,1,1,1,0.5,1,1,1,0.5,2,1,2,1,2,1,1,0,0,0,Elgyem,Level ,Beheeyem,,,,,,,,"If this Pokémon stands near a TV, strange scenery will appear on the screen. That scenery is said to be from its home."
606,V,Beheeyem,Ohbem,psychic,,Cerebral Pokémon,50.2,49.8,1,34.5,90,5120,75,75,75,125,95,40,Telepathy,Synchronize,,Analytic,1,1,1,1,1,1,0.5,1,1,1,0.5,2,1,2,1,2,1,1,0,0,0,Elgyem,Level ,Beheeyem,,,,,,,,"Whenever a Beheeyem visits a farm, a Dubwool mysteriously disappears."
607,V,Litwick,Hitomoshi,ghost,fire,Candle Pokémon,50.2,49.8,0.3,3.1,190,5120,50,30,55,65,55,20,Flash Fire,Flame Body,,Infiltrator,0,0.5,2,1,0.5,0.5,0,0.5,2,1,1,0.25,2,2,1,2,0.5,0.5,0,0,0,Litwick,Level ,Lampent,Use Dusk Stone,Chandelure,,,,,,The flame on its head keeps its body slightly warm. This Pokémon takes lost children by the hand to guide them to the spirit world.
608,V,Lampent,Lampler,ghost,fire,Lamp Pokémon,50.2,49.8,0.6,13,90,5120,60,40,60,95,60,55,Flash Fire,Flame Body,,Infiltrator,0,0.5,2,1,0.5,0.5,0,0.5,2,1,1,0.25,2,2,1,2,0.5,0.5,0,0,0,Litwick,Level ,Lampent,Use Dusk Stone,Chandelure,,,,,,"This Pokémon appears just before someone passes away, so it’s feared as an emissary of death."
609,V,Chandelure,Chandela,ghost,fire,Luring Pokémon,50.2,49.8,1,34.3,45,5120,60,55,90,145,90,80,Flash Fire,Flame Body,,Infiltrator,0,0.5,2,1,0.5,0.5,0,0.5,2,1,1,0.25,2,2,1,2,0.5,0.5,0,0,0,Litwick,Level ,Lampent,Use Dusk Stone,Chandelure,,,,,,This Pokémon haunts dilapidated mansions. It sways its arms to hypnotize opponents with the ominous dancing of its flames.
610,V,Axew,Kibago,dragon,,Tusk Pokémon,50.2,49.8,0.6,18,75,10240,46,87,60,30,40,57,Rivalry,Mold Breaker,,Unnerve,1,0.5,0.5,0.5,0.5,2,1,1,1,1,1,1,1,1,2,1,1,2,0,0,0,Axew,Level ,Fraxure,Level ,Haxorus,,,,,,These Pokémon nest in the ground and use their tusks to crush hard berries. Crushing berries is also how they test each other’s strength.
611,V,Fraxure,Onondo,dragon,,Axe Jaw Pokémon,50.2,49.8,1,36,60,10240,66,117,70,40,50,67,Rivalry,Mold Breaker,,Unnerve,1,0.5,0.5,0.5,0.5,2,1,1,1,1,1,1,1,1,2,1,1,2,0,0,0,Axew,Level ,Fraxure,Level ,Haxorus,,,,,,"After battle, this Pokémon carefully sharpens its tusks on river rocks. It needs to take care of its tusks—if one breaks, it will never grow back."
612,V,Haxorus,Ononokus,dragon,,Axe Jaw Pokémon,50.2,49.8,1.8,105.5,45,10240,76,147,90,60,70,97,Rivalry,Mold Breaker,,Unnerve,1,0.5,0.5,0.5,0.5,2,1,1,1,1,1,1,1,1,2,1,1,2,0,0,0,Axew,Level ,Fraxure,Level ,Haxorus,,,,,,Its resilient tusks are its pride and joy. It licks up dirt to take in the minerals it needs to keep its tusks in top condition.
613,V,Cubchoo,Kumasyun,ice,,Chill Pokémon,50.2,49.8,0.5,8.5,120,5120,55,70,40,60,40,40,Snow Cloak,Slush Rush,,Rattled,1,2,1,1,1,0.5,2,1,1,1,1,1,2,1,1,1,2,1,0,0,0,Cubchoo,Level ,Beartic,,,,,,,,"When this Pokémon is in good health, its snot becomes thicker and stickier. It will smear its snot on anyone it doesn’t like."
614,V,Beartic,Tunbear,ice,,Freezing Pokémon,50.2,49.8,2.6,260,60,5120,95,130,80,70,80,50,Snow Cloak,Slush Rush,,Swift Swim,1,2,1,1,1,0.5,2,1,1,1,1,1,2,1,1,1,2,1,0,0,0,Cubchoo,Level ,Beartic,,,,,,,,"It swims through frigid seas, searching for prey. From its frozen breath, it forms icy fangs that are harder than steel."
615,V,Cryogonal,Freegeo,ice,,Crystallizing Pokémon,,,1.1,148,25,6400,80,50,50,95,135,105,Levitate,,,,1,2,1,1,1,0.5,2,1,1,1,1,1,2,1,1,1,2,1,0,0,0,Cryogonal,,,,,,,,,,"With its icy chains, Cryogonal freezes those it encounters. It then takes its victims away to somewhere unknown."
616,V,Shelmet,Chobomaki,bug,,Snail Pokémon,50.2,49.8,0.4,7.7,200,3840,50,40,85,40,65,25,Hydration,Shell Armor,,Overcoat,1,2,1,1,0.5,1,0.5,1,0.5,2,1,1,2,1,1,1,1,1,0,0,0,Shelmet,Trade with ,Accelgor,,,,,,,,"When attacked, it tightly shuts the lid of its shell. This reaction fails to protect it from Karrablast, however, because they can still get into the shell."
617,V,Accelgor,Agilder,bug,,Shell Out Pokémon,50.2,49.8,0.8,25.3,75,3840,80,70,40,100,60,145,Hydration,Sticky Hold,,Unburden,1,2,1,1,0.5,1,0.5,1,0.5,2,1,1,2,1,1,1,1,1,0,0,0,Shelmet,Trade with ,Accelgor,,,,,,,,It moves with blinding speed and lobs poison at foes. Featuring Accelgor as a main character is a surefire way to make a movie or comic popular.
618,V,Stunfisk,Maggyo,ground,electric,Trap Pokémon,50.2,49.8,0.7,11,75,5120,109,66,84,81,99,32,Static,Limber,,Sand Veil,1,1,2,0,2,2,1,0.5,2,0.5,1,1,0.5,1,1,1,0.5,1,0,0,0,Stunfisk,,,,,,,,,,"Thanks to bacteria that lived in the mud flats with it, this Pokémon developed the organs it uses to generate electricity."
619,V,Mienfoo,Kojofu,fighting,,Martial Arts Pokémon,50.2,49.8,0.9,20,180,6400,45,85,50,55,50,65,Inner Focus,Regenerator,,Reckless,1,1,1,1,1,1,1,1,1,2,2,0.5,0.5,1,1,0.5,1,2,0,0,0,Mienfoo,Level ,Mienshao,,,,,,,,"In one minute, a well-trained Mienfoo can chop with its arms more than 100 times."
620,V,Mienshao,Kojondo,fighting,,Martial Arts Pokémon,50.2,49.8,1.4,35.5,45,6400,65,125,60,95,60,105,Inner Focus,Regenerator,,Reckless,1,1,1,1,1,1,1,1,1,2,2,0.5,0.5,1,1,0.5,1,2,0,0,0,Mienfoo,Level ,Mienshao,,,,,,,,"When Mienshao comes across a truly challenging opponent, it will lighten itself by biting off the fur on its arms."
621,V,Druddigon,Crimgan,dragon,,Cave Pokémon,50.2,49.8,1.6,139,45,7680,77,120,90,60,90,48,Rough Skin,Sheer Force,,Mold Breaker,1,0.5,0.5,0.5,0.5,2,1,1,1,1,1,1,1,1,2,1,1,2,0,0,0,Druddigon,,,,,,,,,,"Druddigon lives in caves, but it never skips sunbathing—it won’t be able to move if its body gets too cold."
622,V,Golett,Gobit,ground,ghost,Automaton Pokémon,,,1,92,190,6400,59,74,50,35,50,35,Iron Fist,Klutz,,No Guard,0,1,2,0,2,2,0,0.25,1,1,1,0.5,0.5,2,1,2,1,1,0,0,0,Golett,Level ,Golurk,,,,,,,,"They were sculpted from clay in ancient times. No one knows why, but some of them are driven to continually line up boulders."
623,V,Golurk,Goloog,ground,ghost,Automaton Pokémon,,,2.8,330,90,6400,89,124,80,55,80,55,Iron Fist,Klutz,,No Guard,0,1,2,0,2,2,0,0.25,1,1,1,0.5,0.5,2,1,2,1,1,0,0,0,Golett,Level ,Golurk,,,,,,,,Artillery platforms built into the walls of ancient castles served as perches from which Golurk could fire energy beams.
624,V,Pawniard,Komatana,dark,steel,Sharp Blade Pokémon,50.2,49.8,0.5,10.2,120,5120,45,85,70,40,40,60,Defiant,Inner Focus,,Pressure,0.5,2,1,1,0.5,0.5,4,0,2,0.5,0,1,0.5,0.5,0.5,0.5,0.5,1,0,0,0,Pawniard,Level ,Bisharp,,,,,,,,It uses river stones to maintain the cutting edges of the blades covering its body. These sharpened blades allow it to bring down opponents.
625,V,Bisharp,Kirikizan,dark,steel,Sword Blade Pokémon,50.2,49.8,1.6,70,45,5120,65,125,100,60,70,70,Defiant,Inner Focus,,Pressure,0.5,2,1,1,0.5,0.5,4,0,2,0.5,0,1,0.5,0.5,0.5,0.5,0.5,1,0,0,0,Pawniard,Level ,Bisharp,,,,,,,,"It’s accompanied by a large retinue of Pawniard. Bisharp keeps a keen eye on its minions, ensuring none of them even think of double-crossing it."
626,V,Bouffalant,Buffron,normal,,Bash Buffalo Pokémon,50.2,49.8,1.6,94.6,45,5120,95,110,95,40,95,55,Reckless,Sap Sipper,,Soundproof,1,1,1,1,1,1,2,1,1,1,1,1,1,0,1,1,1,1,0,0,0,Bouffalant,,,,,,,,,,These Pokémon can crush a car with no more than a headbutt. Bouffalant with more hair on their heads hold higher positions within the herd.
627,V,Rufflet,Washibon,normal,flying,Eaglet Pokémon,100,0,0.5,10.5,190,5120,70,83,50,37,50,60,Keen Eye,Sheer Force,,Hustle,1,1,1,2,0.5,2,1,1,0,1,1,0.5,2,0,1,1,1,1,0,0,0,Rufflet,Level ,Braviary,,,,,,,,"If it spies a strong Pokémon, Rufflet can’t resist challenging it to a battle. But if Rufflet loses, it starts bawling."
628,V,Braviary,Warrgle,normal,flying,Valiant Pokémon,100,0,1.5,41,60,5120,100,123,75,57,75,80,Keen Eye,Sheer Force,,Defiant,1,1,1,2,0.5,2,1,1,0,1,1,0.5,2,0,1,1,1,1,0,0,0,Rufflet,Level ,Braviary,,,,,,,,"Known for its bravery and pride, this majestic Pokémon is often seen as a motif for various kinds of emblems."
629,V,Vullaby,Valchai,dark,flying,Diapered Pokémon,0,100,0.5,9,190,5120,70,55,75,45,65,60,Big Pecks,Overcoat,,Weak Armor,1,1,1,2,0.5,2,1,1,0,1,0,1,2,0.5,1,0.5,1,2,0,0,0,Vullaby,Level ,Mandibuzz,,,,,,,,It wears a bone to protect its rear. It often squabbles with others of its kind over particularly comfy bones.
630,V,Mandibuzz,Vulgina,dark,flying,Bone Vulture Pokémon,0,100,1.2,39.5,60,5120,110,65,105,55,95,80,Big Pecks,Overcoat,,Weak Armor,1,1,1,2,0.5,2,1,1,0,1,0,1,2,0.5,1,0.5,1,2,0,0,0,Vullaby,Level ,Mandibuzz,,,,,,,,"Although it’s a bit of a ruffian, this Pokémon will take lost Vullaby under its wing and care for them till they’re ready to leave the nest."
631,V,Heatmor,Kuitaran,fire,,Anteater Pokémon,50.2,49.8,1.4,58,90,5120,85,97,66,105,66,65,Gluttony,Flash Fire,,White Smoke,1,0.5,2,1,0.5,0.5,1,1,2,1,1,0.5,2,1,1,1,0.5,0.5,0,0,0,Heatmor,,,,,,,,,,"There’s a hole in its tail that allows it to draw in the air it needs to keep its fire burning. If the hole gets blocked, this Pokémon will fall ill."
632,V,Durant,Aiant,bug,steel,Iron Ant Pokémon,50.2,49.8,0.3,33,90,5120,58,109,112,48,48,109,Swarm,Hustle,,Truant,0.5,4,1,1,0.25,0.5,1,0,1,1,0.5,0.5,1,1,0.5,1,0.5,0.5,0,0,0,Durant,,,,,,,,,,"They lay their eggs deep inside their nests. When attacked by Heatmor, they retaliate using their massive mandibles."
633,V,Deino,Monozu,dark,dragon,Irate Pokémon,50.2,49.8,0.8,17.3,45,10240,52,65,50,45,50,38,Hustle,,,,1,0.5,0.5,0.5,0.5,2,2,1,1,1,0,2,1,0.5,2,0.5,1,4,0,0,0,Deino,Level ,Zweilous,Level ,Hydreigon,,,,,,"When it encounters something, its first urge is usually to bite it. If it likes what it tastes, it will commit the associated scent to memory."
634,V,Zweilous,Dihead,dark,dragon,Hostile Pokémon,50.2,49.8,1.4,50,45,10240,72,85,70,65,70,58,Hustle,,,,1,0.5,0.5,0.5,0.5,2,2,1,1,1,0,2,1,0.5,2,0.5,1,4,0,0,0,Deino,Level ,Zweilous,Level ,Hydreigon,,,,,,"While hunting for prey, Zweilous wanders its territory, its two heads often bickering over which way to go."
635,V,Hydreigon,Sazandora,dark,dragon,Brutal Pokémon,50.2,49.8,1.8,160,45,10240,92,105,90,125,90,98,Levitate,,,,1,0.5,0.5,0.5,0.5,2,2,1,1,1,0,2,1,0.5,2,0.5,1,4,0,0,0,Deino,Level ,Zweilous,Level ,Hydreigon,,,,,,There are a slew of stories about villages that were destroyed by Hydreigon. It bites anything that moves.
636,V,Larvesta,Merlarva,bug,fire,Torch Pokémon,50.2,49.8,1.1,28.8,45,10240,55,85,55,50,55,60,Flame Body,,,Swarm,1,1,2,1,0.25,0.5,0.5,1,1,2,1,0.5,4,1,1,1,0.5,0.5,0,0,0,Larvesta,Level ,Volcarona,,,,,,,,The people of ancient times believed that Larvesta fell from the sun.
637,V,Volcarona,Ulgamoth,bug,fire,Sun Pokémon,50.2,49.8,1.6,46,15,10240,85,60,65,135,105,100,Flame Body,,,Swarm,1,1,2,1,0.25,0.5,0.5,1,1,2,1,0.5,4,1,1,1,0.5,0.5,0,0,0,Larvesta,Level ,Volcarona,,,,,,,,Volcarona scatters burning scales. Some say it does this to start fires. Others say it’s trying to rescue those that suffer in the cold.
638,V,Cobalion,Cobalon,steel,fighting,Iron Will Pokémon,,,2.1,250,3,20480,91,90,129,90,72,108,Justified,,,,0.5,2,1,1,0.5,0.5,2,0,2,1,1,0.25,0.25,1,0.5,0.5,0.5,1,1,0,0,Cobalion,,,,,,,,,,"This Pokémon appears in a legend alongside Terrakion and Virizion, fighting against humans in defense of the Unova region’s Pokémon."
639,V,Terrakion,Terrakion,rock,fighting,Cavern Pokémon,,,1.9,260,3,20480,91,129,90,72,90,108,Justified,,,,0.5,0.5,2,1,2,1,2,0.5,2,1,2,0.5,0.5,1,1,0.5,2,2,1,0,0,Terrakion,,,,,,,,,,It has phenomenal power. It will mercilessly crush anyone or anything that bullies small Pokémon.
640,V,Virizion,Virizion,grass,fighting,Grassland Pokémon,,,2,200,3,20480,91,90,72,90,129,108,Justified,,,,1,2,0.5,0.5,0.5,2,1,2,0.5,4,2,1,0.5,1,1,0.5,1,2,1,0,0,Virizion,,,,,,,,,,A legend tells of this Pokémon working together with Cobalion and Terrakion to protect the Pokémon of the Unova region.
641,V,Tornadus,Tornelos,flying,,Cyclone Pokémon,100,0,1.5,63,3,30720,79,115,70,125,80,111,Prankster,Regenerator (Therian Forme),,Defiant,1,1,1,2,0.5,2,0.5,1,0,1,1,0.5,2,1,1,1,1,1,1,0,0,Tornadus,,,,,,,,,,The lower half of its body is wrapped in a cloud of energy. It zooms through the sky at 200 mph.
642,V,Thundurus,Voltolos,electric,flying,Bolt Strike Pokémon,100,0,1.5,61,3,30720,79,115,70,125,80,111,Prankster,Volt Absorb (Therian Forme),,Defiant,1,1,1,1,0.5,2,0.5,1,0,0.5,1,0.5,2,1,1,1,0.5,1,1,0,0,Thundurus,,,,,,,,,,The spikes on its tail discharge immense bolts of lightning. It flies around the Unova region firing off lightning bolts.
643,V,Reshiram,Reshiram,dragon,fire,Vast White Pokémon,,,3.2,330,3,30720,100,120,100,150,120,90,Turboblaze,,,,1,0.25,1,0.5,0.25,1,1,1,2,1,1,0.5,2,1,2,1,0.5,1,0,1,0,Reshiram,,,,,,,,,,This legendary Pokémon can scorch the world with fire. It helps those who want to build a world of truth.
644,V,Zekrom,Zekrom,dragon,electric,Deep Black Pokémon,,,2.9,345,3,30720,100,150,120,120,100,90,Teravolt,,,,1,0.5,0.5,0.25,0.5,2,1,1,2,0.5,1,1,1,1,2,1,0.5,2,0,1,0,Zekrom,,,,,,,,,,This legendary Pokémon can scorch the world with lightning. It assists those who want to build an ideal world.
645,V,Landorus,Landlos,ground,flying,Abundance Pokémon,100,0,1.5,68,3,30720,89,125,90,115,80,101,Sand Force,Intimidate (Therian Forme),,Sheer Force,1,1,2,0,1,4,0.5,0.5,0,1,1,0.5,1,1,1,1,1,1,1,0,0,Landorus,,,,,,,,,,Lands visited by Landorus grant such bountiful crops that it has been hailed as “The Guardian of the Fields.”
646,V,Kyurem,Kyurem,dragon,ice,Boundary Pokémon,,,3,325,3,30720,125,130,90,130,90,95,Pressure (Standard),Teravolt (Black Kyurem),Turboblaze (White Kyurem),,1,1,0.5,0.5,0.5,1,2,1,1,1,1,1,2,1,2,1,2,2,0,1,0,Kyurem,,,,,,,,,,This legendary ice Pokémon waits for a hero to fill in the missing parts of its body with truth or ideals.
647,V,Keldeo,Keldeo,water,fighting,Colt Pokémon,,,1.4,48.5,3,20480,91,72,90,129,90,108,Justified,,,,1,0.5,0.5,2,2,0.5,1,1,1,2,2,0.5,0.5,1,1,0.5,0.5,2,0,0,1,Keldeo,,,,,,,,,,"It crosses the world, running over the surfaces of oceans and rivers. It appears at scenic waterfronts."
648,V,Meloetta,Meloetta,normal,psychic,Melody Pokémon,,,0.6,6.5,3,30720,100,77,77,128,128,90,Serene Grace,,,,1,1,1,1,1,1,1,1,1,1,0.5,2,1,0,1,2,1,1,0,0,1,Meloetta,,,,,,,,,,The melodies sung by Meloetta have the power to make Pokémon that hear them happy or sad.
649,V,Genesect,Genesect,bug,steel,Paleozoic Pokémon,,,1.5,82.5,3,30720,71,120,95,120,95,99,Download,,,,0.5,4,1,1,0.25,0.5,1,0,1,1,0.5,0.5,1,1,0.5,1,0.5,0.5,0,0,1,Genesect,,,,,,,,,,This ancient bug Pokémon was altered by Team Plasma. They upgraded the cannon on its back.
